Day,Time,Address 1,Postcode,Town,Type,Notes,Enable Calendar
Monday,4:00-4:30pm,Grillsters - 350 Derby Street,BL3 6LS,Bolton,Takeaway,By Referral Only,No
Monday,7:00-8:00pm,Boro Bathrooms Carpark,BL9 7AF,Bury,Street Kitchen,,Yes
Tuesday,4:00-4:30pm,Rice n Three - 152 Deane Road,BL3 5DL,Bolton,Takeaway,By Referral Only,No
Tuesday,7:00-8:00pm,Boro Bathrooms carpark - Moorgate,BL9 7AF,Bury,Street Kitchen,,Yes
Tuesday,7:00-8:00pm,Arches on Le Mans Cresent,BL1 1EZ,Bolton,Street Kitchen,,Yes
Tuesday,Evening,Liverpool City Centre,,Liverpool,Outreach,Walk-Around the city,No
Wednesday,4:00-4:30pm,Mash's Wing Ranch - 259 Derby Street,BL3 6LA,Bolton,Takeaway,By Referral Only,No
Wednesday,6:30-7:30pm,Whelley Ex-Servicemen's Club - 180 Vauxhall Rd,WN1 3LU,Wigan,Indoor Feed,Breakfast,Yes
Thursday,6:30am,Manchester City Centre Breakfast,,Manchester,Outreach,Walk-Around the city,No
Thursday,7:00-8:00pm,Outside Tommyfield Market,OL1 3BG,Oldham,Street Kitchen,,Yes
Thursday,4:00-4:30pm,Grillsters - 350 Derby Street,BL3 6LS,Bolton,Takeaway,By Referral Only,No
Thursday,7:00-8:00pm,Arches on Le Mans Cresent,BL1 1EZ,Bolton,Street Kitchen,,Yes
Friday,7:30pm - Late,Manchester City Centre,,Manchester,Outreach,Walk-Around the city,No
Friday,4:00-4:30pm,Koolios Fried Chicken - 354 Derby Street,BL3 6LS,Bolton,Takeaway,By Referral Only,No
Friday,7:00-8:00pm,Arches on Le Mans Cresent,BL1 1EZ,Bolton,Street Kitchen,,Yes
Saturday,4:00-4:30pm,Syds Take Away - 335 Derby Street,BL3 6LR,Bolton,Takeaway,By Referral Only,No
Saturday,7:00-8:00pm,Arches on Le Mans Cresent,BL1 1EZ,Bolton,Street Kitchen,,Yes
Saturday,6:00pm-Late,Manchester City Centre,,Manchester,Outreach,Walk-Around the city,No
Saturday,From 3:00pm,Glasgow Homeless Outreach,,Glasgow,Outreach,Walk-Around the city,No
Saturday,6:30-7:30pm,Leigh Town Centre - Lord Street,WN7 1AB,Leigh,Street Kitchen,,Yes
Sunday,4:00-4:30pm,Reel Fish And Chips - 379 Deane Road,BL3 5HL,Bolton,Takeaway,By Referral Only,No
Sunday,6:00-7:00pm,Bolton Homeless Aid Street Kitchen,BL1 1EZ,Bolton,Street Kitchen,,Yes
Tuesday,8:30-9:00am,Hot Drink & Cake @ The Coffee Grind,BL1 1TJ,Bolton,Drink & Cake,,No
Thursday,8:30-9:00am,Hot Drink & Cake @ The Coffee Grind,BL1 1TJ,Bolton,Drink & Cake,,No
Friday,8:30-9:00am,Hot Drink & Cake @ The Coffee Grind,BL1 1TJ,Bolton,Drink & Cake,,No
Saturday,8:30-9:00am,Hot Drink & Cake @ The Coffee Grind,BL1 1TJ,Bolton,Drink & Cake,,No