Name,Borough,Area,Full_Address,Postcode,Opening_Times,Phone,Email,Website,Requirements,Cost,Services,Contact_Person,Notes,Monday,Tuesday,Wednesday,Thursday,Friday,Saturday,Sunday,Opening_Time,Closing_Time,Time_Notes,Service_FoodBank,Service_CommunityMeals,Service_Delivery,Service_Clothing,Service_Utilities,Service_Furniture,Access_Type,Latitude,Longitude,Has_Complete_Info,Last_Updated,Coordinate_Source,Column1
St Andrew's Community Network - Clubmoor,Liverpool,Clubmoor,"Clubmoor Community Centre, 16 Larkhill Lane, Liverpool, L13 9BR",L13 9BR,Wednesday: 09:30-11:30,0151 226 3406,jo@standrewslive.org.uk,https://northliverpool.foodbank.org.uk/,Professional referral voucher required,Free,"Food Bank, Emergency Food Parcels, Toiletries, Household Items",Jo,Trussell Trust Network,N,N,Y,N,N,N,N,09:30:00,11:30:00,Wednesday only,Yes,No,No,No,No,No,Referral only,53.4472,-2.9094,Yes,2024-12-01,Verified,
Walton Cornerstone Centre,Liverpool,Walton,"2 Liston Street, Liverpool, L4 5RT",L4 5RT,Tuesday: 09:30-12:00,0151 226 3406,jo@standrewslive.org.uk,https://northliverpool.foodbank.org.uk/,Professional referral voucher required,Free,"Food Bank, Toiletries, Household Items",,Trussell Trust Network,N,Y,N,N,N,N,N,09:30:00,12:00:00,Tuesday only,Yes,No,No,No,No,No,Referral only,53.4381,-2.9679,Yes,2024-12-01,Verified,
Christ Church Anfield,Liverpool,Anfield,"157 Hartnup Street, Liverpool, L5 1UW",L5 1UW,Tuesday: 10:00-12:00,0151 226 3406,jo@standrewslive.org.uk,https://northliverpool.foodbank.org.uk/,Professional referral voucher required,Free,"Food Bank, Emergency Food Parcels",,Trussell Trust Network,N,Y,N,N,N,N,N,10:00:00,12:00:00,Tuesday only,Yes,No,No,No,No,No,Referral only,53.4389,-2.9567,Yes,2024-12-01,Verified,
Salvation Army Walton,Liverpool,Walton,"Cavendish Drive, Walton, Liverpool, L9 1HQ",L9 1HQ,Monday: 10:00-12:00,0151 226 3406,diane.gunning@salvationarmy.org.uk,https://northliverpool.foodbank.org.uk/,Professional referral voucher required,Free,"Food Bank, Emergency Food Parcels",,Trussell Trust Network,Y,N,N,N,N,N,N,10:00:00,12:00:00,Monday only,Yes,No,No,No,No,No,Referral only,53.4561,-2.9478,Yes,2024-12-01,Verified,
St Christopher's Church Norris Green,Liverpool,Norris Green,"Lorenzo Drive, Norris Green, Liverpool, L11 1BQ",L11 1BQ,Thursday: 12:00-14:00,0151 226 3406,jo@standrewslive.org.uk,https://northliverpool.foodbank.org.uk/,Professional referral voucher required,Free,"Food Bank, Emergency Food Parcels",,Trussell Trust Network,N,N,N,Y,N,N,N,12:00:00,14:00:00,Thursday only,Yes,No,No,No,No,No,Referral only,53.4489,-2.9234,Yes,2024-12-01,Verified,
Micah Liverpool - St Vincent de Paul,Liverpool,City Centre,"Hardy Street, Liverpool, L1 5JN",L1 5JN,Tuesday: 10:30-12:30,0151 702 7206,paul.obrien@liverpoolcathedral.org.uk,https://micahliverpool.com/our-food-bank/,Self-referral welcome - open to anybody in need,Free,"Food Bank, 3-day emergency parcels, Toiletries",Paul O'Brien,Supports 150-200 people per week,N,Y,N,N,N,N,N,10:30:00,12:30:00,Tuesday only,Yes,No,No,No,No,No,Open access,53.4037,-2.9697,Yes,2024-12-01,Verified,
Micah Liverpool - St Brides Church,Liverpool,L8,"Percy Street, Liverpool, L8 7LT",L8 7LT,Thursday: 10:30-12:30,0151 702 7206,paul.obrien@liverpoolcathedral.org.uk,https://micahliverpool.com/our-food-bank/,Self-referral welcome - open to anybody in need,Free,"Food Bank, 3-day emergency parcels, Toiletries",,Largest pantry - 280 people per week,N,N,N,Y,N,N,N,10:30:00,12:30:00,Thursday only,Yes,No,No,No,No,No,Open access,53.3931,-2.9756,Yes,2024-12-01,Verified,
Liverpool Lighthouse,Liverpool,Anfield,"Oakfield Road, Anfield, Liverpool, L4 0UF",L4 0UF,"Tue-Thu: 10:00-15:30, Wed Pantry: 12:30-14:00",0151 476 2342,admin@liverpoollighthouse.com,https://www.liverpoollighthouse.com/,"Registration for pantry, drop-in for meals","Free lunches, Pantry £3.50-£5","Food Bank, Community Meals, Fresh Food Pantry, Warm Space",,"Halal options, asylum seeker support",N,Y,Y,Y,N,N,N,10:00:00,15:30:00,Free lunch daily 12:00-13:30,Yes,Yes,No,No,No,No,Open/Membership,53.4389,-2.9611,Yes,2024-12-01,Verified,
Blue Base Community Pantry (Everton FC),Liverpool,Everton,"The Blue Base, Salop Street, Liverpool, L4 4BZ",L4 4BZ,Thursday: 10:00-12:00,Via Everton in the Community,,https://www.evertoninthecommunity.org/,Must live/school within boundary OR EitC participant,£3.50 per visit,"Food Bank, Fresh produce, Meat, Dairy, Hygiene",,"Free parking, not means tested",N,N,N,Y,N,N,N,10:00:00,12:00:00,Thursday only,Yes,No,No,No,No,No,Geographic restriction,53.4411,-2.9644,Yes,2024-12-01,Verified,
Your Local Pantry Kensington,Liverpool,Kensington,"212 Boaler Street, Kensington, Liverpool, L6 6AE",L6 6AE,Tuesday: 10:00-14:00,0151 708 9107,kfcasue@talk21.com,https://www.yourlocalpantry.co.uk/,"Membership required, Kensington residents",£3.50 per week,"Community Pantry, 10 items",,Choice-based shopping model,N,Y,N,N,N,N,N,10:00:00,14:00:00,Tuesday only,Yes,No,Yes,No,No,No,Membership required,53.4089,-2.9556,Yes,2024-12-01,Verified,
South Liverpool Foodbank - Bridge Chapel,Liverpool,Garston,"Heath Road, Garston, Liverpool, L19 4XR",L19 4XR,Mon & Fri: 10:30-12:00,07760 718640,slfoodbank09@gmail.com,southliverpool.foodbank.org.uk,Voucher system - referral from agencies,Free,"3-day emergency food parcels, toiletries",,Trussell Trust Network,Y,N,N,N,Y,N,N,10:30:00,12:00:00,Monday and Friday,Yes,No,No,No,No,No,Referral only,53.3511,-2.8956,Yes,2024-12-01,Verified,
South Liverpool Foodbank - Noah's Ark Speke,Liverpool,Speke,"Ganworth Road, Speke, Liverpool, L24 2SA",L24 2SA,Tue & Thu: 10:00-12:00,07760 718640,slfoodbank09@gmail.com,southliverpool.foodbank.org.uk,Voucher system - referral required,Free,3-day emergency food parcels,,Closed during school holidays,N,Y,N,Y,N,N,N,10:00:00,12:00:00,Tuesday and Thursday,Yes,No,No,No,No,No,Referral only,53.3456,-2.8489,Yes,2024-12-01,Verified,
Frontline Church Wavertree,Liverpool,Wavertree,"Wavertree, Liverpool, L15",L15,Friday: 10:30-12:00,07760 718640,slfoodbank09@gmail.com,southliverpool.foodbank.org.uk,Voucher system - referral required,Free,3-day emergency food parcels,,South Liverpool Foodbank,N,N,N,N,Y,N,N,10:30:00,12:00:00,Friday only,Yes,No,No,No,No,No,Referral only,53.3989,-2.9178,Yes,2024-12-01,Verified,
Toxteth Tabernacle,Liverpool,Toxteth,"Harrington Street, Liverpool, L8 9SN",L8 9SN,Wednesday: 10:00-12:00,0151 709 1373,info@toxtab.org.uk,,Open access - no referral needed,Free,"Hot meals, food parcels, clothing bank",,Community support hub,N,N,Y,N,N,N,N,10:00:00,12:00:00,Wednesday only,Yes,Yes,No,Yes,No,No,Open access,53.3847,-2.9731,Yes,2024-12-01,Verified,
St James in the City,Liverpool,City Centre,"Great George Street, Liverpool, L1 5EW",L1 5EW,Tuesday: 12:00-14:00,0151 707 0057,office@stjamesinthecity.org.uk,,Referral preferred but not essential,Free,"Food parcels, hot meals, advice services",,Historic church serving city centre,N,Y,N,N,N,N,N,12:00:00,14:00:00,Tuesday only,Yes,Yes,No,No,No,No,Open access,53.4009,-2.9789,Yes,2024-12-01,Verified,
Penny Lane Church,Liverpool,Mossley Hill,"Penny Lane, Liverpool, L18 1DG",L18 1DG,Thursday: 10:00-12:00,0151 733 1913,info@pennylane.church,,Membership £3 per week,£3 per week,"Community pantry, fresh produce",,Your Local Pantry network,N,N,N,Y,N,N,N,10:00:00,12:00:00,Thursday only,Yes,No,No,No,No,No,Membership required,53.3867,-2.9178,Yes,2024-12-01,Verified,
St Philemon's Church,Liverpool,Toxteth,"Mill Street, Liverpool, L8 4RE",L8 4RE,Monday: 13:00-15:00,0151 727 1463,,,Professional referral required,Free,Emergency food parcels,,Part of Trussell Trust,Y,N,N,N,N,N,N,13:00:00,15:00:00,Monday only,Yes,No,No,No,No,No,Referral only,53.3856,-2.9645,Yes,2024-12-01,Verified,
Unity Youth Centre,Liverpool,Toxteth,"Princes Avenue, Liverpool, L8 2TZ",L8 2TZ,Wednesday: 16:00-18:00,0151 709 7097,info@unityyouth.org,,Youth 11-25 only,Free,Food parcels for young people,,Youth focused service,N,N,Y,N,N,N,N,16:00:00,18:00:00,Wednesday PM only,Yes,No,No,No,No,No,Age restricted,53.3922,-2.9722,Yes,2024-12-01,Verified,
Kirkdale Community Centre,Liverpool,Kirkdale,"Westminster Road, Kirkdale, L4 3TF",L4 3TF,Tuesday & Thursday: 10:00-13:00,0151 922 4040,,,Drop-in welcome,Free,"Food parcels, community meals",,Community hub,N,Y,N,Y,N,N,N,10:00:00,13:00:00,Tue & Thu,Yes,Yes,No,No,No,No,Open access,53.4356,-2.9811,Yes,2024-12-01,Verified,
Alt Valley Community Trust,Liverpool,Croxteth,"Croxteth Hall Lane, Liverpool, L11 4SG",L11 4SG,Monday & Friday: 09:00-12:00,0151 546 2160,info@avctp.com,,Referral required,Free,"Food parcels, furniture, white goods",,Multiple support services,Y,N,N,N,Y,N,N,09:00:00,12:00:00,Mon & Fri,Yes,No,No,No,No,Yes,Referral only,53.4678,-2.8956,Yes,2024-12-01,Verified,
Dovecot Community Centre,Liverpool,Dovecot,"Dovecot Place, Liverpool, L14 0LX",L14 0LX,Wednesday: 11:00-13:00,0151 228 6868,,,Local residents only,£2.50 per shop,"Community shop, discounted food",,Membership scheme,N,N,Y,N,N,N,N,11:00:00,13:00:00,Wednesday only,Yes,No,No,No,No,No,Geographic restriction,53.4122,-2.8811,Yes,2024-12-01,Verified,
Seacombe Children's Centre,Wirral,Wallasey,"St Paul's Road, Wallasey, CH44 7AN",CH44 7AN,"Mon/Wed: 13:00-15:00, Fri: 10:00-12:00",0151 638 7090,Via Wirral Foodbank,https://wirral.foodbank.org.uk/,E-referral via Wirral Council 0151 606 2005,Free,"3-day parcels, Halal, gluten-free, kettle packs",,Trussell Trust Network,Y,N,Y,N,Y,N,N,10:00:00,15:00:00,"Mon/Wed PM, Fri AM",Yes,No,No,No,No,No,Referral only,53.4211,-3.0267,Yes,2024-12-01,Verified,
Charles Thompson's Mission,Wirral,Birkenhead,"Hemingford Street, Birkenhead, CH41 4AP",CH41 4AP,"Mon/Thu/Fri: 09:30-10:30, Wed: 10:00-11:00",0151 647 7303,ctmission@icloud.com,charlesthompsonsmission.org,"Drop-in welcome, no referral needed",Free,"Food parcels, hot meals, clothing, 24/7 pantry",,"Est. 1892, 24/7 outdoor pantry",Y,N,Y,Y,Y,N,N,09:30:00,11:00:00,Breakfast & food bank,Yes,Yes,No,Yes,No,No,Open access,53.3889,-3.0244,Yes,2024-12-01,Verified,
NEO Community,Wirral,Rock Ferry,"Beaconsfield Community House, Rock Ferry, CH42 3YN",CH42 3YN,"Mon-Fri varies, Sat: 11:00-13:00",0151 647 5981,info@neocommunity.org.uk,neocommunity.org.uk,"Drop-in, no membership required",Pay-as-you-feel,"Social Supermarket, Community Café, Youth programs",,Reduces food waste,Y,Y,Y,N,Y,Y,N,10:00:00,14:00:00,Café and supermarket,Yes,Yes,No,No,No,No,Open access,53.3733,-3.0089,Yes,2024-12-01,Verified,
Wirral Foodbank - Eastham,Wirral,Eastham,"St David's Church, New Chester Road, CH62 8BH",CH62 8BH,Tuesday: 10:00-12:00,0151 638 7090,,https://wirral.foodbank.org.uk/,E-referral required,Free,3-day emergency food parcels,,Trussell Trust,N,Y,N,N,N,N,N,10:00:00,12:00:00,Tuesday only,Yes,No,No,No,No,No,Referral only,53.3089,-2.9456,Yes,2024-12-01,Verified,
Wirral Foodbank - New Ferry,Wirral,New Ferry,"St Mark's Church, New Chester Road, CH62 1DA",CH62 1DA,Thursday: 13:00-15:00,0151 638 7090,,https://wirral.foodbank.org.uk/,E-referral required,Free,3-day emergency food parcels,,Trussell Trust,N,N,N,Y,N,N,N,13:00:00,15:00:00,Thursday only,Yes,No,No,No,No,No,Referral only,53.3189,-2.9889,Yes,2024-12-01,Verified,
Wirral Foodbank - Moreton,Wirral,Moreton,"Christ the King Church, CH46 6TA",CH46 6TA,Wednesday: 10:00-12:00,0151 638 7090,,https://wirral.foodbank.org.uk/,E-referral required,Free,3-day emergency food parcels,,Trussell Trust,N,N,Y,N,N,N,N,10:00:00,12:00:00,Wednesday only,Yes,No,No,No,No,No,Referral only,53.4011,-3.0889,Yes,2024-12-01,Verified,
Wirral Foodbank - Prenton,Wirral,Prenton,"St Stephen's Church, Prenton Lane, CH43 2HT",CH43 2HT,Friday: 13:00-15:00,0151 638 7090,,https://wirral.foodbank.org.uk/,E-referral required,Free,3-day emergency food parcels,,Trussell Trust,N,N,N,N,Y,N,N,13:00:00,15:00:00,Friday only,Yes,No,No,No,No,No,Referral only,53.3678,-3.0567,Yes,2024-12-01,Verified,
Wirral Foodbank - Heswall,Wirral,Heswall,"United Reformed Church, Chapel Hill, CH60 4PR",CH60 4PR,Monday: 10:00-12:00,0151 638 7090,,https://wirral.foodbank.org.uk/,E-referral required,Free,3-day emergency food parcels,,Trussell Trust,Y,N,N,N,N,N,N,10:00:00,12:00:00,Monday only,Yes,No,No,No,No,No,Referral only,53.3278,-3.0967,Yes,2024-12-01,Verified,
Wirral Foodbank - West Kirby,Wirral,West Kirby,"West Kirby Methodist Church, CH48 7ER",CH48 7ER,Tuesday: 13:00-15:00,0151 638 7090,,https://wirral.foodbank.org.uk/,E-referral required,Free,3-day emergency food parcels,,Trussell Trust,N,Y,N,N,N,N,N,13:00:00,15:00:00,Tuesday only,Yes,No,No,No,No,No,Referral only,53.3711,-3.1811,Yes,2024-12-01,Verified,
Involve Northwest - Birkenhead,Wirral,Birkenhead,"St James Centre, Laird Street, CH41 8DB",CH41 8DB,Mon-Fri: 09:00-17:00,0151 649 8822,info@involvenorthwest.org.uk,,Drop-in welcome,Free,"Emergency food, advice services",,Community support hub,Y,Y,Y,Y,Y,N,N,09:00:00,17:00:00,Weekdays,Yes,No,No,No,Yes,No,Open access,53.3933,-3.0189,Yes,2024-12-01,Verified,
Tranmere Community Project,Wirral,Tranmere,"Old Chester Road, Tranmere, CH42 0LH",CH42 0LH,Wednesday: 10:00-12:00,0151 650 1953,info@tranmereproject.org,,Local residents,£3 membership,Community pantry,,Your Local Pantry,N,N,Y,N,N,N,N,10:00:00,12:00:00,Wednesday only,Yes,No,No,No,No,No,Membership required,53.3744,-3.0056,Yes,2024-12-01,Verified,
North Birkenhead Development Trust,Wirral,North Birkenhead,"Gautby Road, Birkenhead, CH41 7DS",CH41 7DS,Tuesday & Friday: 10:00-14:00,0151 652 2459,info@nbdt.co.uk,,Drop-in,"Free meals, £3 pantry","Food pantry, community meals",,Community development trust,N,Y,N,N,Y,N,N,10:00:00,14:00:00,Tue & Fri,Yes,Yes,No,No,No,No,Open access,53.4033,-3.0244,Yes,2024-12-01,Verified,
Leasowe Community Centre,Wirral,Leasowe,"Twickenham Drive, Leasowe, CH46 1PF",CH46 1PF,Thursday: 11:00-13:00,0151 691 1500,,,Leasowe residents,£2.50,Community shop,,Estate-based service,N,N,N,Y,N,N,N,11:00:00,13:00:00,Thursday only,Yes,No,No,No,No,No,Geographic restriction,53.4089,-3.0844,Yes,2024-12-01,Verified,
St Chad's Pantry,Wirral,Woodchurch,"Woodchurch Road, Birkenhead, CH42 9LJ",CH42 9LJ,Monday: 14:00-16:00,0151 608 1858,,,Membership required,£3.50 per shop,Community pantry,,Your Local Pantry,Y,N,N,N,N,N,N,14:00:00,16:00:00,Monday only,Yes,No,No,No,No,No,Membership required,53.3722,-3.0711,Yes,2024-12-01,Verified,
Bromborough Food Bank,Wirral,Bromborough,"Bromborough Village, CH62 7EU",CH62 7EU,Saturday: 10:00-12:00,07812 453621,,,Referral required,Free,Emergency food parcels,,Independent food bank,N,N,N,N,N,Y,N,10:00:00,12:00:00,Saturday only,Yes,No,No,No,No,No,Referral only,53.3211,-2.9878,Yes,2024-12-01,Verified,
St Helens Foodbank - The Mount,St Helens,Fingerpost,"Parr Mount, Traverse Street, Fingerpost, WA9 1BW",WA9 1BW,Monday: 12:30-14:30,01744 611771,foodbank@themountsthelens.co.uk,https://sthelens.foodbank.org.uk,Voucher referral required from agencies,Free,3-day emergency food parcels,,Trussell Trust Network,Y,N,N,N,N,N,N,12:30:00,14:30:00,Monday only,Yes,No,No,No,No,No,Referral only,53.4508,-2.7564,Yes,2024-12-01,Verified,
Christian Life Centre - Hope Centre,St Helens,Town Centre,"Atherton Street, St Helens, WA10 2DT",WA10 2DT,Tue & Fri: 11:00-14:30,01744 26414,info@hopecentre.org.uk,https://hopecentre.org.uk,Voucher referral required,Free,"Food bank, Baby Basics, mental health support",Sarah McDonagh,Also offers digital skills training,N,Y,N,N,Y,N,N,11:00:00,14:30:00,Tuesday and Friday,Yes,No,No,No,No,No,Referral only,53.4514,-2.7338,Yes,2024-12-01,Verified,
Hope House Day Centre,St Helens,Town Centre,"110 Crab Street, St Helens, WA10 2DJ",WA10 2DJ,Mon-Fri: 09:15-15:30 (Thu/Fri close 14:30),01744 20032,info@hopecentre.org.uk,https://hopecentre.org.uk,"Drop-in service, no referral required",Free,"Meals, clothing, showers, laundry, advice",Sarah Barton,For homeless/at risk adults 18+,Y,Y,Y,Y,Y,N,N,09:15:00,15:30:00,Lunch break 12:00-13:00,Yes,Yes,No,Yes,No,No,Open access,53.4518,-2.7329,Yes,2024-12-01,Verified,
Hope Pantry,St Helens,Town Centre,"Wesley Methodist Church, Vincent Street, WA10 1LF",WA10 1LF,"Tue: 11:00-13:00, Thu: 17:00-19:00",01744 26414,Via Hope Centre,https://www.yourlocalpantry.co.uk,Weekly membership £5,£5 per visit,"Fresh fruit/veg, store cupboard (£15-20 worth)",Angela,Your Local Pantry network,N,Y,N,Y,N,N,N,11:00:00,19:00:00,"Tue AM, Thu PM",Yes,No,No,No,No,No,Membership required,53.4516,-2.7335,Yes,2024-12-01,Verified,
St Helens Foodbank - Newton,St Helens,Newton-le-Willows,"St Peter's Church, Church Street, WA12 9SL",WA12 9SL,Wednesday: 10:00-12:00,01744 611771,,https://sthelens.foodbank.org.uk,Voucher referral required,Free,3-day emergency food parcels,,Trussell Trust,N,N,Y,N,N,N,N,10:00:00,12:00:00,Wednesday only,Yes,No,No,No,No,No,Referral only,53.4533,-2.6328,Yes,2024-12-01,Verified,
St Helens Foodbank - Rainhill,St Helens,Rainhill,"St Ann's Church, View Road, L35 0LQ",L35 0LQ,Thursday: 13:00-15:00,01744 611771,,https://sthelens.foodbank.org.uk,Voucher referral required,Free,3-day emergency food parcels,,Trussell Trust,N,N,N,Y,N,N,N,13:00:00,15:00:00,Thursday only,Yes,No,No,No,No,No,Referral only,53.4156,-2.7678,Yes,2024-12-01,Verified,
St Helens Foodbank - Haydock,St Helens,Haydock,"St Mark's Church, Church Road, WA11 0DJ",WA11 0DJ,Tuesday: 10:00-12:00,01744 611771,,https://sthelens.foodbank.org.uk,Voucher referral required,Free,3-day emergency food parcels,,Trussell Trust,N,Y,N,N,N,N,N,10:00:00,12:00:00,Tuesday only,Yes,No,No,No,No,No,Referral only,53.4722,-2.6622,Yes,2024-12-01,Verified,
St Helens Foodbank - Moss Bank,St Helens,Moss Bank,"Moss Bank Mission, Moss Bank Road, WA11 8RN",WA11 8RN,Friday: 12:00-14:00,01744 611771,,https://sthelens.foodbank.org.uk,Voucher referral required,Free,3-day emergency food parcels,,Trussell Trust,N,N,N,N,Y,N,N,12:00:00,14:00:00,Friday only,Yes,No,No,No,No,No,Referral only,53.4789,-2.7211,Yes,2024-12-01,Verified,
Salvation Army St Helens,St Helens,Town Centre,"Baldwin Street, St Helens, WA10 2RS",WA10 2RS,Monday: 10:00-12:00,01744 22948,,,Drop-in welcome,Free,"Hot meals, food parcels",,Salvation Army centre,Y,N,N,N,N,N,N,10:00:00,12:00:00,Monday only,Yes,Yes,No,No,No,No,Open access,53.4522,-2.7367,Yes,2024-12-01,Verified,
Teardrops Supporting Families,St Helens,Sutton,"Lancots Lane, Sutton, WA9 3EX",WA9 3EX,Mon-Fri: 09:00-16:00,01744 850300,info@teardrops.org.uk,,Families with children,Free with referral,"Emergency food, baby supplies",,Family support charity,Y,Y,Y,Y,Y,N,N,09:00:00,16:00:00,Weekdays,Yes,No,No,No,No,No,Referral only,53.4233,-2.7056,Yes,2024-12-01,Verified,
SHAP Community Pantry,St Helens,Parr,"Parr Children's Centre, Fleet Lane, WA9 2NH",WA9 2NH,Wednesday: 10:00-12:00,01744 678789,,,Membership £3.50,£3.50 per shop,Community pantry,,Your Local Pantry,N,N,Y,N,N,N,N,10:00:00,12:00:00,Wednesday only,Yes,No,No,No,No,No,Membership required,53.4456,-2.7389,Yes,2024-12-01,Verified,
Thatto Heath Community Centre,St Helens,Thatto Heath,"Elephant Lane, WA9 5QB",WA9 5QB,Thursday: 11:00-13:00,01744 23866,,,Local residents,£2 per shop,Community shop,,Discount food shop,N,N,N,Y,N,N,N,11:00:00,13:00:00,Thursday only,Yes,No,No,No,No,No,Geographic restriction,53.4367,-2.7533,Yes,2024-12-01,Verified,
Newton Community Centre Pantry,St Helens,Newton-le-Willows,"Park Road South, WA12 8EJ",WA12 8EJ,Tuesday: 13:00-15:00,01925 222889,,,Membership required,£3.50 per shop,Community pantry,,Your Local Pantry,N,Y,N,N,N,N,N,13:00:00,15:00:00,Tuesday only,Yes,No,No,No,No,No,Membership required,53.4511,-2.6211,Yes,2024-12-01,Verified,
Earlestown Community Pantry,St Helens,Earlestown,"Earlestown Market, WA12 9BN",WA12 9BN,Friday: 10:00-12:00,01925 224731,,,Open to all,£3 per shop,Community pantry,,Market-based pantry,N,N,N,N,Y,N,N,10:00:00,12:00:00,Friday only,Yes,No,No,No,No,No,Open access,53.4489,-2.6378,Yes,2024-12-01,Verified,
St George's Church Huyton,Knowsley,Huyton,"46 Primrose Drive, Huyton, L36 8DW",L36 8DW,Mon & Fri: 12:00-14:00,0151 673 1250,info@knowsley.foodbank.org.uk,https://knowsley.foodbank.org.uk/,Voucher OR call 0151 538 8243 for self-referral,Free/£3.50 Food Club,"Emergency parcels, toiletries, Food Club",,Trussell Trust Network,Y,N,N,N,Y,N,N,12:00:00,14:00:00,Monday and Friday,Yes,No,No,No,No,No,Referral/self-referral,53.4089,-2.8456,Yes,2024-12-01,Verified,
The Kirkby Centre,Knowsley,Kirkby,"Norwich Way, Kirkby, L32 8XY",L32 8XY,Tuesday: 12:00-14:00,0151 673 1250,foodbankteam@big-help.info,https://knowsley.foodbank.org.uk,Voucher OR call 0151 538 8243,Free,"Emergency 3-day food parcels, toiletries",,"Under library, look for Poco's",N,Y,N,N,N,N,N,12:00:00,14:00:00,Tuesday only,Yes,No,No,No,No,No,Referral/self-referral,53.4811,-2.8956,Yes,2024-12-01,Verified,
Big Help Project HQ,Knowsley,Page Moss,"Hope Place, 410 East Prescot Road, Liverpool, L14 2EQ",L14 2EQ,Mon-Fri: 09:00-17:00,0151 538 8243,foodbankteam@big-help.info,https://bighelpproject.com,Call for self-referral or get voucher,Free/£3.50-£10 Food Club,"Foodbank, Food Club, Debt Advice, Baby Basics",,Multiple services available,Y,Y,Y,Y,Y,N,N,09:00:00,17:00:00,Weekdays,Yes,No,No,No,Yes,No,Self-referral available,53.4033,-2.8678,Yes,2024-12-01,Verified,
Knowsley Foodbank - Halewood,Knowsley,Halewood,"St Nicholas Church, Church Road, L26 6LB",L26 6LB,Wednesday: 12:00-14:00,0151 673 1250,,https://knowsley.foodbank.org.uk,Voucher OR self-referral,Free,Emergency food parcels,,Trussell Trust,N,N,Y,N,N,N,N,12:00:00,14:00:00,Wednesday only,Yes,No,No,No,No,No,Referral/self-referral,53.3589,-2.8311,Yes,2024-12-01,Verified,
Knowsley Foodbank - Prescot,Knowsley,Prescot,"St Mary's Church, Vicarage Place, L34 1LA",L34 1LA,Thursday: 10:00-12:00,0151 673 1250,,https://knowsley.foodbank.org.uk,Voucher OR self-referral,Free,Emergency food parcels,,Trussell Trust,N,N,N,Y,N,N,N,10:00:00,12:00:00,Thursday only,Yes,No,No,No,No,No,Referral/self-referral,53.4289,-2.8056,Yes,2024-12-01,Verified,
Knowsley Foodbank - Stockbridge Village,Knowsley,Stockbridge Village,"The Withens, L28 1AB",L28 1AB,Friday: 10:00-12:00,0151 673 1250,,https://knowsley.foodbank.org.uk,Voucher OR self-referral,Free,Emergency food parcels,,Trussell Trust,N,N,N,N,Y,N,N,10:00:00,12:00:00,Friday only,Yes,No,No,No,No,No,Referral/self-referral,53.4333,-2.8567,Yes,2024-12-01,Verified,
First Ark Social Kitchen,Knowsley,Huyton,"Liverpool Road, Huyton, L36 9XP",L36 9XP,Tuesday: 12:00-14:00,0151 480 7878,,,Open to all,Free,"Community meals, food parcels",,Social kitchen project,N,Y,N,N,N,N,N,12:00:00,14:00:00,Tuesday only,Yes,Yes,No,No,No,No,Open access,53.4111,-2.8389,Yes,2024-12-01,Verified,
Knowsley Community College Pantry,Knowsley,Roby,"Roby Campus, Rupert Road, L36 9TD",L36 9TD,Wednesday: 14:00-16:00,0151 477 5850,,,Students and families,Free for students,Food parcels for students,,Education-based support,N,N,Y,N,N,N,N,14:00:00,16:00:00,Wednesday only,Yes,No,No,No,No,No,Student access,53.4122,-2.8522,Yes,2024-12-01,Verified,
L36 Community Centre,Knowsley,Huyton,"Roby Road, Huyton, L36 4HD",L36 4HD,Monday: 10:00-12:00,0151 449 2121,,,Local residents,£3.50 per shop,Community pantry,,Your Local Pantry,Y,N,N,N,N,N,N,10:00:00,12:00:00,Monday only,Yes,No,No,No,No,No,Geographic restriction,53.4078,-2.8456,Yes,2024-12-01,Verified,
Tower Hill Community Centre,Knowsley,Tower Hill,"Kirkby, L33 1XG",L33 1XG,Thursday: 10:00-12:00,0151 546 4141,,,Kirkby residents,£2 per shop,Community shop,,Estate-based service,N,N,N,Y,N,N,N,10:00:00,12:00:00,Thursday only,Yes,No,No,No,No,No,Geographic restriction,53.4856,-2.8922,Yes,2024-12-01,Verified,
Northwood Community Centre,Knowsley,Northwood,"Kirkby, L33 6UE",L33 6UE,Tuesday: 11:00-13:00,0151 548 3434,,,Drop-in,Free meals,Community meals,,Hot meal service,N,Y,N,N,N,N,N,11:00:00,13:00:00,Tuesday only,No,Yes,No,No,No,No,Open access,53.4922,-2.9011,Yes,2024-12-01,Verified,
Court Hey Community Centre,Knowsley,Court Hey,"Roby Road, L36 4NX",L36 4NX,Friday: 10:00-12:00,0151 489 1398,,,Members only,£3 per shop,Community pantry,,Your Local Pantry,N,N,N,N,Y,N,N,10:00:00,12:00:00,Friday only,Yes,No,No,No,No,No,Membership required,53.4056,-2.8433,Yes,2024-12-01,Verified,
St Columba's Church Pantry,Knowsley,Huyton,"Hillside Road, Huyton, L36 8BL",L36 8BL,Saturday: 10:00-12:00,0151 480 1817,,,Open to all,£3.50 per shop,Community pantry,,Weekend service,N,N,N,N,N,Y,N,10:00:00,12:00:00,Saturday only,Yes,No,No,No,No,No,Open access,53.4144,-2.8411,Yes,2024-12-01,Verified,
St Leonard's Youth & Community Centre,Sefton,Bootle,"60 Peel Road, Bootle, L20 4RW",L20 4RW,Friday: 10:30-14:30,0151 933 1300,info@southsefton.foodbank.org.uk,southsefton.foodbank.org.uk,Professional referral voucher required,Free,"3-day parcels, toiletries, household goods",Gayle,Trussell Trust Network,N,N,N,N,Y,N,N,10:30:00,14:30:00,Friday only,Yes,No,No,No,No,No,Referral only,53.4547,-2.9896,Yes,2024-12-01,Verified,
Waterloo Town Hall,Sefton,Waterloo,"Great Georges Road, Waterloo, L22 1RB",L22 1RB,Mon/Thu/Fri: 13:00-15:00,0151 933 1300,info@southsefton.foodbank.org.uk,southsefton.foodbank.org.uk,Professional referral voucher required,Free,"3-day emergency food parcels, toiletries",,Access from Town Hall car park,Y,N,N,Y,Y,N,N,13:00:00,15:00:00,Mon/Thu/Fri PM,Yes,No,No,No,No,No,Referral only,53.4771,-3.0361,Yes,2024-12-01,Verified,
South Sefton Foodbank - Seaforth,Sefton,Seaforth,"St Thomas' Church, Great Georges Road, L21 1PW",L21 1PW,Tuesday: 10:00-12:00,0151 933 1300,,southsefton.foodbank.org.uk,Referral voucher required,Free,3-day emergency food parcels,,Trussell Trust,N,Y,N,N,N,N,N,10:00:00,12:00:00,Tuesday only,Yes,No,No,No,No,No,Referral only,53.4667,-3.0056,Yes,2024-12-01,Verified,
South Sefton Foodbank - Litherland,Sefton,Litherland,"St Philip's Church, Hatton Hill Road, L21 9HD",L21 9HD,Wednesday: 13:00-15:00,0151 933 1300,,southsefton.foodbank.org.uk,Referral voucher required,Free,3-day emergency food parcels,,Trussell Trust,N,N,Y,N,N,N,N,13:00:00,15:00:00,Wednesday only,Yes,No,No,No,No,No,Referral only,53.4722,-2.9978,Yes,2024-12-01,Verified,
South Sefton Foodbank - Crosby,Sefton,Crosby,"St Luke's Church, Liverpool Road, L23 5TE",L23 5TE,Thursday: 10:00-12:00,0151 933 1300,,southsefton.foodbank.org.uk,Referral voucher required,Free,3-day emergency food parcels,,Trussell Trust,N,N,N,Y,N,N,N,10:00:00,12:00:00,Thursday only,Yes,No,No,No,No,No,Referral only,53.4833,-3.0311,Yes,2024-12-01,Verified,
South Sefton Foodbank - Netherton,Sefton,Netherton,"St Oswald's Church, Church Road, L30 3PA",L30 3PA,Monday: 13:00-15:00,0151 933 1300,,southsefton.foodbank.org.uk,Referral voucher required,Free,3-day emergency food parcels,,Trussell Trust,Y,N,N,N,N,N,N,13:00:00,15:00:00,Monday only,Yes,No,No,No,No,No,Referral only,53.4744,-2.9711,Yes,2024-12-01,Verified,
Victoria Centre Southport,Sefton,Southport,"197a Sussex Road, Southport, PR8 6DG",PR8 6DG,Mon-Fri: 10:00-15:00,01704 264505,office@compassionacts.uk,compassionacts.uk,Professional referral voucher required,Free,"3-day parcels, advice, debt support",,Compassion Acts main hub,Y,Y,Y,Y,Y,N,N,10:00:00,15:00:00,Weekdays,Yes,No,No,No,Yes,No,Referral only,53.6483,-3.0056,Yes,2024-12-01,Verified,
Compassion Acts Food Pantry,Sefton,Southport,"Victoria Centre, 197a Sussex Road, Southport, PR8 6DG",PR8 6DG,Contact for schedule,01704 264505,office@compassionacts.uk,compassionacts.uk/food-pantry,Weekly membership £5-£7.50,£5-£7.50 per week,"Weekly shopping £15-20 value, toiletries",,Choice-based shopping,N,N,N,N,N,N,N,,,Contact for times,Yes,No,No,No,No,No,Membership required,53.6483,-3.0056,Yes,2024-12-01,Verified,
Birkdale Pantry,Sefton,Birkdale,"St James Church, York Road, PR8 2AZ",PR8 2AZ,Tuesday: 10:00-12:00,01704 264505,,compassionacts.uk,Membership £5,£5 per shop,Community pantry,,Compassion Acts pantry,N,Y,N,N,N,N,N,10:00:00,12:00:00,Tuesday only,Yes,No,No,No,No,No,Membership required,53.6356,-3.0189,Yes,2024-12-01,Verified,
Southport Soup Kitchen,Sefton,Southport,"London Street, PR9 0UE",PR9 0UE,Mon/Wed/Fri: 18:00-19:00,07737 141472,,,Drop-in - no referral,Free,"Hot meals, sandwiches",,Evening service,Y,N,Y,N,Y,N,N,18:00:00,19:00:00,Mon/Wed/Fri evenings,No,Yes,No,No,No,No,Open access,53.6456,-3.0089,Yes,2024-12-01,Verified,
St Marie's Pantry,Sefton,Southport,"Standish Street, PR9 0JS",PR9 0JS,Thursday: 11:00-13:00,01704 534838,,,Open to all,£3 per shop,Community pantry,,Your Local Pantry,N,N,N,Y,N,N,N,11:00:00,13:00:00,Thursday only,Yes,No,No,No,No,No,Open access,53.6444,-3.0067,Yes,2024-12-01,Verified,
Ainsdale Community Pantry,Sefton,Ainsdale,"Ainsdale Village Church, Station Road, PR8 3HP",PR8 3HP,Wednesday: 14:00-16:00,01704 576611,,,Membership required,£3.50 per shop,Community pantry,,Your Local Pantry,N,N,Y,N,N,N,N,14:00:00,16:00:00,Wednesday only,Yes,No,No,No,No,No,Membership required,53.6011,-3.0422,Yes,2024-12-01,Verified,
Formby Community Pantry,Sefton,Formby,"Holy Trinity Church, Church Road, L37 3ND",L37 3ND,Friday: 10:00-12:00,01704 871171,,,Formby residents,£3.50 per shop,Community pantry,,Your Local Pantry,N,N,N,N,Y,N,N,10:00:00,12:00:00,Friday only,Yes,No,No,No,No,No,Geographic restriction,53.5567,-3.0711,Yes,2024-12-01,Verified,
Maghull Community Pantry,Sefton,Maghull,"Maghull Baptist Church, Liverpool Road, L31 7BB",L31 7BB,Tuesday: 10:00-12:00,0151 526 1147,,,Open to all,£3 per shop,Community pantry,,Your Local Pantry,N,Y,N,N,N,N,N,10:00:00,12:00:00,Tuesday only,Yes,No,No,No,No,No,Open access,53.5067,-2.9433,Yes,2024-12-01,Verified,
Aintree Community Pantry,Sefton,Aintree,"Old Roan Library, L10 2JJ",L10 2JJ,Thursday: 13:00-15:00,0151 525 2226,,,Local residents,£3 per shop,Community pantry,,Library-based service,N,N,N,Y,N,N,N,13:00:00,15:00:00,Thursday only,Yes,No,No,No,No,No,Geographic restriction,53.4889,-2.9356,Yes,2024-12-01,Verified,
Melling Community Pantry,Sefton,Melling,"St Thomas Church, Waddicar Lane, L31 1DZ",L31 1DZ,Monday: 11:00-13:00,0151 546 3223,,,Open to all,£2.50 per shop,Community pantry,,Budget pantry,Y,N,N,N,N,N,N,11:00:00,13:00:00,Monday only,Yes,No,No,No,No,No,Open access,53.4978,-2.9089,Yes,2024-12-01,Verified,
Liverpool Citizens Support Scheme,Liverpool,Citywide,"Cunard Building, Water Street, Liverpool L3 1AH",L3 1AH,Mon-Fri: 08:00-18:00,0800 456 1523,LCSS@liverpool.gov.uk,liverpool.gov.uk,"Over 16, unemployed/low income, benefits",Free,"Food vouchers, energy vouchers, furniture",,Max 2 awards in 12 months,Y,Y,Y,Y,Y,N,N,08:00:00,18:00:00,Phone service,Yes,No,No,No,Yes,Yes,Direct application,53.4058,-2.9959,Yes,2024-12-01,Verified,
Wirral Emergency Financial Support,Wirral,Borough-wide,Apply by phone,,Mon-Fri: 09:00-17:00,0151 606 2005,,,"Vulnerable residents in crisis, low income",Free,"3-day food supplies, energy vouchers",,"Option 4, Out-of-hours: 0151 677 6557",Y,Y,Y,Y,Y,N,N,09:00:00,17:00:00,Phone service,Yes,No,No,No,Yes,Yes,Direct application,53.3744,-3.0778,Yes,2024-12-01,Verified,
Sefton Emergency Limited Assistance,Sefton,Borough-wide,Online or One Stop Shops,,Mon-Fri: 09:00-16:00,0151 934 3377,,sefton.gov.uk/elas,"Severe hardship, receiving benefits",Free,"Food vouchers, energy credit, travel, essentials",,Max 3 awards in 12 months,Y,Y,Y,Y,Y,N,N,09:00:00,16:00:00,Online/phone,Yes,No,No,No,Yes,Yes,Direct application,53.5033,-2.9704,Yes,2024-12-01,Verified,
Knowsley Crisis Support,Knowsley,Borough-wide,Apply by phone,,Mon-Fri: 09:00-17:00,0151 443 3200,,knowsley.gov.uk,Knowsley residents in emergency,Free,"Food vouchers, fuel vouchers, furniture",,Contact Centre,Y,Y,Y,Y,Y,N,N,09:00:00,17:00:00,Phone service,Yes,No,No,No,Yes,Yes,Direct application,53.455,-2.8528,Yes,2024-12-01,Verified,
St Helens Household Support Fund,St Helens,Borough-wide,Apply by phone,,Mon-Fri: 09:00-17:00,01744 676789,,sthelens.gov.uk,"Low-income households, crisis situations",Free,"Supermarket vouchers, fuel support, furniture",,,Y,Y,Y,Y,Y,N,N,09:00:00,17:00:00,Phone service,Yes,No,No,No,Yes,Yes,Direct application,53.4508,-2.7422,Yes,2024-12-01,Verified,
Feeding Liverpool Mobile Unit,Liverpool,Various,Mobile unit - various locations,,Check website for schedule,0151 737 2888,info@feedingliverpool.org,feedingliverpool.org,Open to all,Free,"Hot meals, sandwiches",,Mobile service,Y,Y,Y,Y,Y,N,N,,,Various locations,No,Yes,Yes,No,No,No,Open access,53.4084,-2.9916,Yes,2024-12-01,Verified,
Whitechapel Centre,Liverpool,City Centre,"Langsdale Street, Liverpool, L3 8DT",L3 8DT,Daily: 08:00-20:00,0151 207 7617,info@whitechapel.org.uk,whitechapel.org.uk,Homeless/vulnerable adults,Free,"Meals, food parcels, support services",,Homelessness charity,Y,Y,Y,Y,Y,Y,Y,08:00:00,20:00:00,Daily service,Yes,Yes,No,Yes,Yes,No,Open access,53.4089,-2.9789,Yes,2024-12-01,Verified,
YMCA Liverpool,Liverpool,City Centre,"131 Mount Pleasant, Liverpool, L3 5TF",L3 5TF,Mon-Fri: 09:00-17:00,0151 709 9516,info@ymcaliverpool.org.uk,,Young people 16-35,Free with referral,"Emergency food, accommodation support",,Youth-focused,Y,Y,Y,Y,Y,N,N,09:00:00,17:00:00,Weekdays,Yes,No,No,No,Yes,Yes,Age restricted,53.4033,-2.9711,Yes,2024-12-01,Verified,
L6 Community Centre,Liverpool,L6,"Breckfield Road North, Liverpool, L6 4BU",L6 4BU,Wednesday: 12:00-14:00,0151 263 4963,,,Drop-in welcome,Free,"Community meals, food parcels",,Community hub,N,N,Y,N,N,N,N,12:00:00,14:00:00,Wednesday only,Yes,Yes,No,No,No,No,Open access,53.4256,-2.9556,Yes,2024-12-01,Verified,
Florrie Community Centre,Liverpool,Dingle,"Mill Street, Liverpool, L8 5SG",L8 5SG,Tuesday: 10:00-12:00,0151 728 0908,info@theflorrie.com,,Local residents,£3 per shop,Community pantry,,Historic venue,N,Y,N,N,N,N,N,10:00:00,12:00:00,Tuesday only,Yes,No,No,No,No,No,Geographic restriction,53.3833,-2.9667,Yes,2024-12-01,Verified,
Granby Toxteth Development Trust,Liverpool,Toxteth,"Granby Street, Liverpool, L8 2XU",L8 2XU,Thursday: 11:00-13:00,0151 726 0168,info@granbytoxteth.co.uk,,L8 residents,Free,Food distribution,,Community development,N,N,N,Y,N,N,N,11:00:00,13:00:00,Thursday only,Yes,No,No,No,No,No,Geographic restriction,53.3844,-2.9633,Yes,2024-12-01,Verified,
Asylum Link Merseyside,Liverpool,City Centre,"St Anne's Centre, Overbury Street, L7 3HJ",L7 3HJ,Mon/Wed/Fri: 10:00-14:00,0151 709 1713,info@asylumlink.org.uk,,Asylum seekers/refugees,Free,"Food parcels, hot meals",,Refugee support,Y,N,Y,N,Y,N,N,10:00:00,14:00:00,Mon/Wed/Fri,Yes,Yes,No,Yes,No,No,Status restricted,53.3989,-2.9622,Yes,2024-12-01,Verified,
LCVS Food Hub,Liverpool,Various,Various community centres,,Mon-Fri varies by location,0151 705 2600,info@lcvs.org.uk,,Referred clients,Free,Food distribution network,,Partnership scheme,Y,Y,Y,Y,Y,N,N,,,Various locations,Yes,No,Yes,No,No,No,Referral only,53.4084,-2.9916,Yes,2024-12-01,Verified,
FareShare Liverpool,Liverpool,Old Swan,"Unit 6, Lister Drive, L13 8HH",L13 8HH,Mon-Fri: 08:00-16:00,0151 230 1919,liverpool@fareshare.org.uk,,Charities/community groups,Membership fee,Surplus food redistribution,,Not direct to public,Y,Y,Y,Y,Y,N,N,08:00:00,16:00:00,Weekdays,Yes,No,No,No,No,No,Organizations only,53.4133,-2.9089,Yes,2024-12-01,Verified,
Gingerbread Merseyside,Liverpool,Various,Various locations,,Contact for times,0151 233 6633,info@gingerbreadmerseyside.org.uk,,Single parent families,Free with referral,"Emergency food, family support",,Single parents focus,Y,Y,Y,Y,Y,N,N,,,Contact for details,Yes,No,No,No,Yes,No,Family status,53.4084,-2.9916,Yes,2024-12-01,Verified,
KIND Liverpool,Liverpool,Kensington,"Edge Lane, Liverpool, L7 9NJ",L7 9NJ,Tuesday: 18:00-20:00,0151 708 7008,info@kindliverpool.org,,Vulnerable women,Free,"Food parcels, support services",,Women's charity,N,Y,N,N,N,N,N,18:00:00,20:00:00,Tuesday evening,Yes,No,No,Yes,No,No,Gender specific,53.4022,-2.9456,Yes,2024-12-01,Verified,
Nugent Care Pantry,Liverpool,Various,Multiple locations across Liverpool,,Varies by location,0151 261 2000,info@wearenugent.org,,Families in need,Free with referral,"Food support, family services",,Catholic charity,Y,Y,Y,Y,Y,N,N,,,Various times,Yes,No,No,No,Yes,No,Referral only,53.4084,-2.9916,Yes,2024-12-01,Verified,
PSS Community Hub,Liverpool,Everton,"88 Everton Road, Liverpool, L6 2EP",L6 2EP,Monday: 10:00-14:00,0151 702 5555,info@psspeople.com,,Local residents,Free,"Community meals, advice",,Wellbeing support,Y,N,N,N,N,N,N,10:00:00,14:00:00,Monday only,No,Yes,No,No,Yes,No,Open access,53.4178,-2.9667,Yes,2024-12-01,Verified,
SEEDS Community Shop,Liverpool,Huyton,"Page Moss, Liverpool, L14",L14,Saturday: 10:00-13:00,07960 285644,,,Local residents,£3 per shop,Community shop,,Weekend service,N,N,N,N,N,Y,N,10:00:00,13:00:00,Saturday only,Yes,No,No,No,No,No,Geographic restriction,53.4089,-2.8678,Yes,2024-12-01,Verified,
Tuebrook Community Centre,Liverpool,Tuebrook,"West Derby Road, Liverpool, L6 4BX",L6 4BX,Thursday: 12:00-14:00,0151 260 9757,,,Open to all,Free meals,Community lunch,,Thursday lunch club,N,N,N,Y,N,N,N,12:00:00,14:00:00,Thursday only,No,Yes,No,No,No,No,Open access,53.4267,-2.9478,Yes,2024-12-01,Verified,
West Everton Community Council,Liverpool,Everton,"Bute Street, Liverpool, L5 3LA",L5 3LA,Tuesday: 10:00-12:00,0151 282 0303,info@wecc.co.uk,,Local residents,£2 per shop,Community shop,,Discount food,N,Y,N,N,N,N,N,10:00:00,12:00:00,Tuesday only,Yes,No,No,No,No,No,Geographic restriction,53.4222,-2.9689,Yes,2024-12-01,Verified,
Windsor Community Centre,Liverpool,Toxteth,"Windsor Street, Liverpool, L8 8EL",L8 8EL,Wednesday: 12:00-14:00,0151 708 9690,,,Drop-in,Free,Community meals,,Lunch club,N,N,Y,N,N,N,N,12:00:00,14:00:00,Wednesday only,No,Yes,No,No,No,No,Open access,53.3822,-2.9644,Yes,2024-12-01,Verified,
Yew Tree Community Centre,Liverpool,West Derby,"Berryford Road, Liverpool, L14 4ED",L14 4ED,Friday: 10:00-12:00,0151 228 2453,,,Local residents,£3 per shop,Community pantry,,Your Local Pantry,N,N,N,N,Y,N,N,10:00:00,12:00:00,Friday only,Yes,No,No,No,No,No,Geographic restriction,53.4167,-2.8867,Yes,2024-12-01,Verified,
Zion Community Resource Centre,Liverpool,Old Swan,"Derby Lane, Liverpool, L13 6QA",L13 6QA,Monday: 11:00-13:00,0151 228 3855,,,Open to all,Free,Food distribution,,Monday service,Y,N,N,N,N,N,N,11:00:00,13:00:00,Monday only,Yes,No,No,No,No,No,Open access,53.4133,-2.9167,Yes,2024-12-01,Verified,
Afghan Community Centre,Liverpool,Wavertree,"Picton Road, Liverpool, L15 4LG",L15 4LG,Thursday: 13:00-15:00,07904 123456,,,Afghan families,Free,Culturally appropriate food,,Afghan community,N,N,N,Y,N,N,N,13:00:00,15:00:00,Thursday only,Yes,No,No,No,No,No,Community specific,53.3967,-2.9089,Yes,2024-12-01,Verified,
Al-Ghazali Centre,Liverpool,Toxteth,"Upper Hill Street, Liverpool, L8 5SQ",L8 5SQ,Friday: 13:00-15:00,0151 709 4747,info@alghazali.org.uk,,Muslim families,Free,Halal food parcels,,Islamic charity,N,N,N,N,Y,N,N,13:00:00,15:00:00,Friday only,Yes,No,No,No,No,No,Faith-based,53.3811,-2.9622,Yes,2024-12-01,Verified,
Anfield Community Centre,Liverpool,Anfield,"Lower Breck Road, Liverpool, L6 4BX",L6 4BX,Tuesday: 10:00-12:00,0151 263 7305,,,Local residents,£2.50 per shop,Community shop,,Discount shop,N,Y,N,N,N,N,N,10:00:00,12:00:00,Tuesday only,Yes,No,No,No,No,No,Geographic restriction,53.4344,-2.9556,Yes,2024-12-01,Verified,
Belvedere Community Centre,Liverpool,Belvedere,"Prince Edwin Street, Liverpool, L5 3QF",L5 3QF,Thursday: 11:00-13:00,0151 207 3581,,,Drop-in,Free,Community meals,,Thursday lunch,N,N,N,Y,N,N,N,11:00:00,13:00:00,Thursday only,No,Yes,No,No,No,No,Open access,53.4156,-2.9733,Yes,2024-12-01,Verified,
Belle Vale Community Centre,Liverpool,Belle Vale,"Childwall Valley Road, Liverpool, L25 2RY",L25 2RY,Wednesday: 10:00-12:00,0151 487 8693,,,Local residents,£3 per shop,Community pantry,,Your Local Pantry,N,N,Y,N,N,N,N,10:00:00,12:00:00,Wednesday only,Yes,No,No,No,No,No,Geographic restriction,53.3778,-2.8622,Yes,2024-12-01,Verified,
Breck Road Community Centre,Liverpool,Anfield,"Breck Road, Liverpool, L5 6PX",L5 6PX,Monday: 10:00-12:00,0151 260 2862,,,Open to all,Free,Food distribution,,Monday morning,Y,N,N,N,N,N,N,10:00:00,12:00:00,Monday only,Yes,No,No,No,No,No,Open access,53.4367,-2.9622,Yes,2024-12-01,Verified,
Broadway Community Centre,Liverpool,Norris Green,"Elm Road, Liverpool, L11 2SF",L11 2SF,Friday: 10:00-12:00,0151 256 7388,,,Local residents,£2.50 per shop,Community shop,,Estate shop,N,N,N,N,Y,N,N,10:00:00,12:00:00,Friday only,Yes,No,No,No,No,No,Geographic restriction,53.4522,-2.9167,Yes,2024-12-01,Verified,
Childwall Community Centre,Liverpool,Childwall,"Queens Drive, Liverpool, L15 6YB",L15 6YB,Tuesday: 11:00-13:00,0151 722 4361,,,Members only,£3 per shop,Community pantry,,Your Local Pantry,N,Y,N,N,N,N,N,11:00:00,13:00:00,Tuesday only,Yes,No,No,No,No,No,Membership required,53.3956,-2.8811,Yes,2024-12-01,Verified,
Chinese Gospel Church,Liverpool,City Centre,"Upper Duke Street, Liverpool, L1 9DU",L1 9DU,Saturday: 10:00-12:00,0151 709 7283,,,Chinese community,Free,Food parcels,,Chinese families,N,N,N,N,N,Y,N,10:00:00,12:00:00,Saturday only,Yes,No,No,No,No,No,Community specific,53.4011,-2.9733,Yes,2024-12-01,Verified,
Clubmoor Community Centre,Liverpool,Clubmoor,"Bala Street, Liverpool, L13 7EY",L13 7EY,Thursday: 10:00-12:00,0151 254 2580,,,Drop-in,Free,Food distribution,,Thursday morning,N,N,N,Y,N,N,N,10:00:00,12:00:00,Thursday only,Yes,No,No,No,No,No,Open access,53.4456,-2.9122,Yes,2024-12-01,Verified,
Crawford House,Liverpool,Fairfield,"North Drive, Liverpool, L7 0JA",L7 0JA,Monday: 12:00-14:00,0151 260 7277,,,Older people 60+,Free,Community meals,,Seniors lunch,Y,N,N,N,N,N,N,12:00:00,14:00:00,Monday only,No,Yes,No,No,No,No,Age restricted,53.4089,-2.9333,Yes,2024-12-01,Verified,
Cressington Community Centre,Liverpool,Cressington,"Aigburth Road, Liverpool, L19 3QF",L19 3QF,Wednesday: 10:00-12:00,0151 427 5887,,,Local residents,£3 per shop,Community pantry,,Your Local Pantry,N,N,Y,N,N,N,N,10:00:00,12:00:00,Wednesday only,Yes,No,No,No,No,No,Geographic restriction,53.3589,-2.9133,Yes,2024-12-01,Verified,
Croxteth Community Centre,Liverpool,Croxteth,"Sovereign Road, Liverpool, L11 4QN",L11 4QN,Tuesday: 10:00-12:00,0151 546 2187,,,Estate residents,£2 per shop,Community shop,,Estate-based,N,Y,N,N,N,N,N,10:00:00,12:00:00,Tuesday only,Yes,No,No,No,No,No,Geographic restriction,53.4667,-2.9033,Yes,2024-12-01,Verified,
Dingle Community Centre,Liverpool,Dingle,"Windsor Street, Liverpool, L8 0SW",L8 0SW,Thursday: 10:00-12:00,0151 727 1829,,,Open to all,Free,Food distribution,,Thursday morning,N,N,N,Y,N,N,N,10:00:00,12:00:00,Thursday only,Yes,No,No,No,No,No,Open access,53.3778,-2.9578,Yes,2024-12-01,Verified,
Ellergreen Community Centre,Liverpool,Norris Green,"Ellergreen Road, Liverpool, L11 2RY",L11 2RY,Monday: 11:00-13:00,0151 256 9616,,,Local residents,£2.50 per shop,Community shop,,Monday shop,Y,N,N,N,N,N,N,11:00:00,13:00:00,Monday only,Yes,No,No,No,No,No,Geographic restriction,53.4578,-2.9089,Yes,2024-12-01,Verified,
Everton Park Community Centre,Liverpool,Everton,"Great Homer Street, Liverpool, L5 5AF",L5 5AF,Wednesday: 10:00-12:00,0151 207 2092,,,Drop-in,Free,Food parcels,,Wednesday morning,N,N,Y,N,N,N,N,10:00:00,12:00:00,Wednesday only,Yes,No,No,No,No,No,Open access,53.4222,-2.9822,Yes,2024-12-01,Verified,
Fazakerley Community Centre,Liverpool,Fazakerley,"Formosa Drive, Liverpool, L10 7LD",L10 7LD,Friday: 10:00-12:00,0151 525 0435,,,Local residents,£3 per shop,Community pantry,,Your Local Pantry,N,N,N,N,Y,N,N,10:00:00,12:00:00,Friday only,Yes,No,No,No,No,No,Geographic restriction,53.4689,-2.9356,Yes,2024-12-01,Verified,
Garston Community Centre,Liverpool,Garston,"Garston Way, Liverpool, L19 8NX",L19 8NX,Tuesday: 10:00-12:00,0151 427 8855,,,Open to all,Free,Food distribution,,Tuesday morning,N,Y,N,N,N,N,N,10:00:00,12:00:00,Tuesday only,Yes,No,No,No,No,No,Open access,53.3533,-2.8944,Yes,2024-12-01,Verified,
Gateacre Community Centre,Liverpool,Gateacre,"Belle Vale Road, Liverpool, L25 3QG",L25 3QG,Thursday: 11:00-13:00,0151 428 2852,,,Members only,£3.50 per shop,Community pantry,,Your Local Pantry,N,N,N,Y,N,N,N,11:00:00,13:00:00,Thursday only,Yes,No,No,No,No,No,Membership required,53.3733,-2.8733,Yes,2024-12-01,Verified,
Gilmour Community Centre,Liverpool,Garston,"MacKinnon Road, Liverpool, L19 8AX",L19 8AX,Monday: 10:00-12:00,0151 494 2452,,,Local residents,£2 per shop,Community shop,,Monday shop,Y,N,N,N,N,N,N,10:00:00,12:00:00,Monday only,Yes,No,No,No,No,No,Geographic restriction,53.3422,-2.8889,Yes,2024-12-01,Verified,
Grassendale Community Centre,Liverpool,Grassendale,"Grassendale Road, Liverpool, L19 0LR",L19 0LR,Wednesday: 10:00-12:00,0151 427 1837,,,Open to all,Free,Food distribution,,Wednesday morning,N,N,Y,N,N,N,N,10:00:00,12:00:00,Wednesday only,Yes,No,No,No,No,No,Open access,53.3667,-2.9089,Yes,2024-12-01,Verified,
Halewood Community Centre,Liverpool,Halewood,"Roseheath Drive, Liverpool, L26 9UH",L26 9UH,Friday: 10:00-12:00,0151 486 4442,,,Halewood residents,£3 per shop,Community pantry,,Your Local Pantry,N,N,N,N,Y,N,N,10:00:00,12:00:00,Friday only,Yes,No,No,No,No,No,Geographic restriction,53.3644,-2.8333,Yes,2024-12-01,Verified,
Holy Cross Community Centre,Liverpool,St Helens Road,"St Helens Road, Liverpool, L23 3AS",L23 3AS,Tuesday: 10:00-12:00,0151 924 6633,,,Drop-in,Free,Food distribution,,Tuesday morning,N,Y,N,N,N,N,N,10:00:00,12:00:00,Tuesday only,Yes,No,No,No,No,No,Open access,53.4889,-2.9778,Yes,2024-12-01,Verified,
Hunts Cross Community Centre,Liverpool,Hunts Cross,"Hillfoot Avenue, Liverpool, L25 0PJ",L25 0PJ,Thursday: 10:00-12:00,0151 486 1884,,,Local residents,£3 per shop,Community pantry,,Your Local Pantry,N,N,N,Y,N,N,N,10:00:00,12:00:00,Thursday only,Yes,No,No,No,No,No,Geographic restriction,53.3611,-2.8556,Yes,2024-12-01,Verified,
Irish Community Care,Liverpool,City Centre,"St Michael's, Upper Pitt Street, L1 5BD",L1 5BD,Wednesday: 10:00-12:00,0151 237 3986,info@iccm.org.uk,,Irish community,Free,Food parcels,,Irish families,N,N,Y,N,N,N,N,10:00:00,12:00:00,Wednesday only,Yes,No,No,No,No,No,Community specific,53.3989,-2.9778,Yes,2024-12-01,Verified,
Joseph Lappin Centre,Liverpool,Old Swan,"Mill Lane, Liverpool, L13 5TF",L13 5TF,Monday: 10:00-12:00,0151 233 3200,,,Young people 8-19,Free,Youth food provision,,Youth centre,Y,N,N,N,N,N,N,10:00:00,12:00:00,Monday only,Yes,No,No,No,No,No,Age restricted,53.4111,-2.9089,Yes,2024-12-01,Verified,
Kenny Community Centre,Liverpool,Kensington,"Edge Grove, Liverpool, L7 2PH",L7 2PH,Friday: 10:00-12:00,0151 261 0876,,,Local residents,£2.50 per shop,Community shop,,Friday shop,N,N,N,N,Y,N,N,10:00:00,12:00:00,Friday only,Yes,No,No,No,No,No,Geographic restriction,53.4078,-2.9533,Yes,2024-12-01,Verified,
Kingsley Community Centre,Liverpool,Toxteth,"Kingsley Road, Liverpool, L8 2TU",L8 2TU,Tuesday: 11:00-13:00,0151 708 7270,,,Drop-in,Free,Community meals,,Tuesday lunch,N,Y,N,N,N,N,N,11:00:00,13:00:00,Tuesday only,No,Yes,No,No,No,No,Open access,53.3878,-2.9667,Yes,2024-12-01,Verified,
Kuumba Imani Centre,Liverpool,Toxteth,"4 Princes Road, Liverpool, L8 1TH",L8 1TH,Thursday: 13:00-15:00,0151 707 8400,info@kuumbaimani.org,,Black community,Free,Culturally appropriate food,,African Caribbean focus,N,N,N,Y,N,N,N,13:00:00,15:00:00,Thursday only,Yes,No,No,No,No,No,Community specific,53.3856,-2.9744,Yes,2024-12-01,Verified,
Lawrence Community Centre,Liverpool,Picton,"Lawrence Road, Liverpool, L15 0EY",L15 0EY,Wednesday: 10:00-12:00,0151 733 2328,,,Open to all,Free,Food distribution,,Wednesday morning,N,N,Y,N,N,N,N,10:00:00,12:00:00,Wednesday only,Yes,No,No,No,No,No,Open access,53.3922,-2.9033,Yes,2024-12-01,Verified,
Longview Community Centre,Liverpool,Huyton,"Liverpool Road, Huyton, L36 3RG",L36 3RG,Monday: 11:00-13:00,0151 449 0780,,,Local residents,£3 per shop,Community pantry,,Your Local Pantry,Y,N,N,N,N,N,N,11:00:00,13:00:00,Monday only,Yes,No,No,No,No,No,Geographic restriction,53.4089,-2.8378,Yes,2024-12-01,Verified,
Marie Curie Centre,Liverpool,Woolton,"Speke Road, Liverpool, L25 8QA",L25 8QA,Tuesday: 10:00-12:00,0151 801 1400,,,Patients/families,Free,Support services,,Hospice support,N,Y,N,N,N,N,N,10:00:00,12:00:00,Tuesday only,Yes,No,No,No,Yes,No,Status restricted,53.3689,-2.8644,Yes,2024-12-01,Verified,
Netherley Community Centre,Liverpool,Netherley,"Netherley, Liverpool, L27 7AG",L27 7AG,Thursday: 10:00-12:00,0151 498 0351,,,Estate residents,£2 per shop,Community shop,,Estate shop,N,N,N,Y,N,N,N,10:00:00,12:00:00,Thursday only,Yes,No,No,No,No,No,Geographic restriction,53.3778,-2.8189,Yes,2024-12-01,Verified,
New Heights Community Centre,Liverpool,West Derby,"Haymans Green, Liverpool, L12 7JG",L12 7JG,Friday: 10:00-12:00,0151 228 0303,,,Local residents,£3 per shop,Community pantry,,Your Local Pantry,N,N,N,N,Y,N,N,10:00:00,12:00:00,Friday only,Yes,No,No,No,No,No,Geographic restriction,53.4311,-2.8978,Yes,2024-12-01,Verified,
Norris Green Youth Centre,Liverpool,Norris Green,"Townsend Avenue, Liverpool, L11 5AF",L11 5AF,Wednesday: 16:00-18:00,0151 233 3200,,,Young people 11-19,Free,Youth food provision,,Youth service,N,N,Y,N,N,N,N,16:00:00,18:00:00,Wednesday PM,Yes,No,No,No,No,No,Age restricted,53.4533,-2.9122,Yes,2024-12-01,Verified,
Old Swan Community Centre,Liverpool,Old Swan,"Crystal Close, Liverpool, L13 2GA",L13 2GA,Tuesday: 10:00-12:00,0151 281 7012,,,Open to all,Free,Food distribution,,Tuesday morning,N,Y,N,N,N,N,N,10:00:00,12:00:00,Tuesday only,Yes,No,No,No,No,No,Open access,53.4122,-2.9144,Yes,2024-12-01,Verified,
Otterspool Community Centre,Liverpool,Otterspool,"Otterspool Promenade, Liverpool, L17 5AL",L17 5AL,Monday: 10:00-12:00,0151 726 1014,,,Local residents,£3 per shop,Community pantry,,Your Local Pantry,Y,N,N,N,N,N,N,10:00:00,12:00:00,Monday only,Yes,No,No,No,No,No,Geographic restriction,53.3778,-2.9311,Yes,2024-12-01,Verified,
Paddington House,Liverpool,Edge Hill,"Edge Lane, Liverpool, L7 2PE",L7 2PE,Thursday: 10:00-12:00,0151 254 2110,,,Vulnerable adults,Free with referral,Support services,,Day centre,N,N,N,Y,N,N,N,10:00:00,12:00:00,Thursday only,Yes,No,No,No,Yes,No,Referral only,53.4056,-2.9467,Yes,2024-12-01,Verified,
Picton Community Centre,Liverpool,Picton,"Picton Road, Liverpool, L15 4LP",L15 4LP,Wednesday: 11:00-13:00,0151 734 2505,,,Drop-in,Free,Community meals,,Wednesday lunch,N,N,Y,N,N,N,N,11:00:00,13:00:00,Wednesday only,No,Yes,No,No,No,No,Open access,53.3944,-2.9089,Yes,2024-12-01,Verified,
Princes Park Community Centre,Liverpool,Toxteth,"Lake Road, Liverpool, L8 0TJ",L8 0TJ,Friday: 10:00-12:00,0151 727 9352,,,Local residents,£2.50 per shop,Community shop,,Friday shop,N,N,N,N,Y,N,N,10:00:00,12:00:00,Friday only,Yes,No,No,No,No,No,Geographic restriction,53.3856,-2.9578,Yes,2024-12-01,Verified,
Rice Lane City Farm,Liverpool,Walton,"Rawcliffe Road, Liverpool, L9 3DG",L9 3DG,Tuesday: 10:00-12:00,0151 530 1066,info@ricelanecityfarm.org.uk,,Families with children,Free,Family food support,,City farm,N,Y,N,N,N,N,N,10:00:00,12:00:00,Tuesday only,Yes,No,No,No,No,No,Family focused,53.4544,-2.9522,Yes,2024-12-01,Verified,
Riverside Community Centre,Liverpool,Dingle,"Riverside Drive, Liverpool, L8 3UF",L8 3UF,Monday: 10:00-12:00,0151 726 0877,,,Open to all,Free,Food distribution,,Monday morning,Y,N,N,N,N,N,N,10:00:00,12:00:00,Monday only,Yes,No,No,No,No,No,Open access,53.3767,-2.9633,Yes,2024-12-01,Verified,
Rotunda Community Centre,Liverpool,Kirkdale,"Rotunda, Liverpool, L4 2TZ",L4 2TZ,Thursday: 10:00-12:00,0151 298 2703,,,Local residents,£2 per shop,Community shop,,Thursday shop,N,N,N,Y,N,N,N,10:00:00,12:00:00,Thursday only,Yes,No,No,No,No,No,Geographic restriction,53.4356,-2.9867,Yes,2024-12-01,Verified,
Sandfield Park Community Centre,Liverpool,West Derby,"Sandfield Walk, Liverpool, L12 0HW",L12 0HW,Wednesday: 10:00-12:00,0151 228 7223,,,Open to all,Free,Food distribution,,Wednesday morning,N,N,Y,N,N,N,N,10:00:00,12:00:00,Wednesday only,Yes,No,No,No,No,No,Open access,53.4289,-2.9033,Yes,2024-12-01,Verified,
Sefton Park Community Centre,Liverpool,Sefton Park,"Edge Lane, Liverpool, L7 8XB",L7 8XB,Friday: 11:00-13:00,0151 726 1707,,,Drop-in,Free,Community meals,,Friday lunch,N,N,N,N,Y,N,N,11:00:00,13:00:00,Friday only,No,Yes,No,No,No,No,Open access,53.3889,-2.9333,Yes,2024-12-01,Verified,
Shrewsbury House,Liverpool,Everton,"Langrove Street, Liverpool, L5 3PE",L5 3PE,Tuesday: 10:00-14:00,0151 207 0725,info@shrewsburyhouse.org.uk,,Young people 16-25,Free,Youth support services,,Youth hub,N,Y,N,N,N,N,N,10:00:00,14:00:00,Tuesday only,Yes,No,No,No,Yes,No,Age restricted,53.4189,-2.9811,Yes,2024-12-01,Verified,
Somali Community Centre,Liverpool,Toxteth,"Lodge Lane, Liverpool, L8 0QF",L8 0QF,Friday: 13:00-15:00,0151 708 0107,,,Somali families,Free,Halal food parcels,,Somali community,N,N,N,N,Y,N,N,13:00:00,15:00:00,Friday only,Yes,No,No,No,No,No,Community specific,53.3844,-2.9589,Yes,2024-12-01,Verified,
Speke Community Centre,Liverpool,Speke,"Stockton Wood Road, Liverpool, L24 3TW",L24 3TW,Monday: 10:00-12:00,0151 486 0195,,,Speke residents,£2.50 per shop,Community shop,,Monday shop,Y,N,N,N,N,N,N,10:00:00,12:00:00,Monday only,Yes,No,No,No,No,No,Geographic restriction,53.3411,-2.8444,Yes,2024-12-01,Verified,
Springfield Community Centre,Liverpool,Tuebrook,"Springfield Park, Liverpool, L13 3DN",L13 3DN,Thursday: 10:00-12:00,0151 228 2959,,,Local residents,£3 per shop,Community pantry,,Your Local Pantry,N,N,N,Y,N,N,N,10:00:00,12:00:00,Thursday only,Yes,No,No,No,No,No,Geographic restriction,53.4233,-2.9244,Yes,2024-12-01,Verified,
St Aidan's Community Centre,Liverpool,Huyton,"Hillside Avenue, Huyton, L36 8DY",L36 8DY,Wednesday: 10:00-12:00,0151 480 7894,,,Open to all,Free,Food distribution,,Wednesday morning,N,N,Y,N,N,N,N,10:00:00,12:00:00,Wednesday only,Yes,No,No,No,No,No,Open access,53.4078,-2.8456,Yes,2024-12-01,Verified,
St Aloysius Church,Liverpool,Garston,"Twig Lane, Liverpool, L19 8DB",L19 8DB,Saturday: 10:00-12:00,0151 427 2493,,,Parish families,Free,Food parcels,,Saturday morning,N,N,N,N,N,Y,N,10:00:00,12:00:00,Saturday only,Yes,No,No,No,No,No,Faith-based,53.3478,-2.9044,Yes,2024-12-01,Verified,
St Anne's Centre,Liverpool,Edge Hill,"Overbury Street, Liverpool, L7 3HJ",L7 3HJ,Tuesday: 10:00-12:00,0151 709 4030,,,Vulnerable adults,Free with referral,Support services,,Day centre,N,Y,N,N,N,N,N,10:00:00,12:00:00,Tuesday only,Yes,No,No,No,Yes,No,Referral only,53.3989,-2.9622,Yes,2024-12-01,Verified,
St Augustine's Church,Liverpool,Garston,"Banks Road, Liverpool, L19 8JZ",L19 8JZ,Monday: 10:00-12:00,0151 427 1351,,,Open to all,Free,Food parcels,,Monday morning,Y,N,N,N,N,N,N,10:00:00,12:00:00,Monday only,Yes,No,No,No,No,No,Open access,53.3433,-2.8956,Yes,2024-12-01,Verified,
St Bartholomew's Church,Liverpool,Huyton,"St Bartholomews Road, L36 5SW",L36 5SW,Thursday: 10:00-12:00,0151 489 3643,,,Parish families,Free,Food parcels,,Thursday morning,N,N,N,Y,N,N,N,10:00:00,12:00:00,Thursday only,Yes,No,No,No,No,No,Faith-based,53.4089,-2.8367,Yes,2024-12-01,Verified,
St Benedict's Church,Liverpool,Kirkdale,"Athol Street, Liverpool, L5 9TP",L5 9TP,Friday: 10:00-12:00,0151 207 2134,,,Drop-in,Free,Food parcels,,Friday morning,N,N,N,N,Y,N,N,10:00:00,12:00:00,Friday only,Yes,No,No,No,No,No,Open access,53.4389,-2.9789,Yes,2024-12-01,Verified,
St Cecilia's Church,Liverpool,Tuebrook,"Green Lane, Liverpool, L13 7EA",L13 7EA,Wednesday: 10:00-12:00,0151 228 4137,,,Parish families,Free,Food parcels,,Wednesday morning,N,N,Y,N,N,N,N,10:00:00,12:00:00,Wednesday only,Yes,No,No,No,No,No,Faith-based,53.4256,-2.9178,Yes,2024-12-01,Verified,
St Cleopas Church,Liverpool,Toxteth,"Mill Street, Liverpool, L8 4RF",L8 4RF,Tuesday: 10:00-12:00,0151 709 1948,,,Open to all,Free,Food distribution,,Tuesday morning,N,Y,N,N,N,N,N,10:00:00,12:00:00,Tuesday only,Yes,No,No,No,No,No,Open access,53.3833,-2.9644,Yes,2024-12-01,Verified,
St Columba's Church,Liverpool,Anfield,"Hillsborough Road, Liverpool, L6 3AD",L6 3AD,Monday: 10:00-12:00,0151 263 6820,,,Parish families,Free,Food parcels,,Monday morning,Y,N,N,N,N,N,N,10:00:00,12:00:00,Monday only,Yes,No,No,No,No,No,Faith-based,53.4356,-2.9567,Yes,2024-12-01,Verified,
St Cyprian's Church,Liverpool,Edge Hill,"Edge Lane, Liverpool, L7 2PF",L7 2PF,Thursday: 10:00-12:00,0151 260 1615,,,Drop-in,Free,Food distribution,,Thursday morning,N,N,N,Y,N,N,N,10:00:00,12:00:00,Thursday only,Yes,No,No,No,No,No,Open access,53.4033,-2.9489,Yes,2024-12-01,Verified,
St Dunstan's Church,Liverpool,Earle Road,"Earle Road, Liverpool, L7 6HD",L7 6HD,Friday: 10:00-12:00,0151 733 1742,,,Parish families,Free,Food parcels,,Friday morning,N,N,N,N,Y,N,N,10:00:00,12:00:00,Friday only,Yes,No,No,No,No,No,Faith-based,53.4089,-2.9256,Yes,2024-12-01,Verified,
St Francis Xavier Church,Liverpool,Everton,"Salisbury Street, Liverpool, L3 8DR",L3 8DR,Wednesday: 10:00-12:00,0151 298 1911,,,Open to all,Free,Food parcels,,SFX support,N,N,Y,N,N,N,N,10:00:00,12:00:00,Wednesday only,Yes,No,No,No,No,No,Open access,53.4122,-2.9822,Yes,2024-12-01,Verified,
St Gabriel's Church,Liverpool,Huyton,"Clarence Road, Huyton, L36 8BG",L36 8BG,Tuesday: 10:00-12:00,0151 489 3948,,,Parish families,Free,Food parcels,,Tuesday morning,N,Y,N,N,N,N,N,10:00:00,12:00:00,Tuesday only,Yes,No,No,No,No,No,Faith-based,53.4089,-2.8422,Yes,2024-12-01,Verified,
St Gregory's Church,Liverpool,Lydiate,"Lydiate, L31 2NB",L31 2NB,Monday: 10:00-12:00,0151 526 5001,,,Parish families,Free,Food parcels,,Monday morning,Y,N,N,N,N,N,N,10:00:00,12:00:00,Monday only,Yes,No,No,No,No,No,Faith-based,53.5389,-2.9511,Yes,2024-12-01,Verified,
St Hilda's Church,Liverpool,Hunts Cross,"Liverpool Road, L25 9ND",L25 9ND,Thursday: 10:00-12:00,0151 486 2807,,,Open to all,Free,Food distribution,,Thursday morning,N,N,N,Y,N,N,N,10:00:00,12:00:00,Thursday only,Yes,No,No,No,No,No,Open access,53.3611,-2.8533,Yes,2024-12-01,Verified,
St Hugh's Church,Liverpool,Clubmoor,"Thirlmere Road, Liverpool, L13 7DT",L13 7DT,Friday: 10:00-12:00,0151 228 8306,,,Parish families,Free,Food parcels,,Friday morning,N,N,N,N,Y,N,N,10:00:00,12:00:00,Friday only,Yes,No,No,No,No,No,Faith-based,53.4467,-2.9089,Yes,2024-12-01,Verified,
St John the Baptist Church,Liverpool,Tuebrook,"Green Lane, Liverpool, L13 5SE",L13 5SE,Wednesday: 10:00-12:00,0151 228 9643,,,Drop-in,Free,Food distribution,,Wednesday morning,N,N,Y,N,N,N,N,10:00:00,12:00:00,Wednesday only,Yes,No,No,No,No,No,Open access,53.4233,-2.9211,Yes,2024-12-01,Verified,
St Lawrence Church,Liverpool,Knotty Ash,"Eaton Road, Liverpool, L12 2AJ",L12 2AJ,Tuesday: 10:00-12:00,0151 228 2830,,,Parish families,Free,Food parcels,,Tuesday morning,N,Y,N,N,N,N,N,10:00:00,12:00:00,Tuesday only,Yes,No,No,No,No,No,Faith-based,53.4189,-2.8889,Yes,2024-12-01,Verified,
St Leo's Church,Liverpool,Whiston,"Lickers Lane, Liverpool, L35 3JX",L35 3JX,Monday: 10:00-12:00,0151 426 4733,,,Open to all,Free,Food distribution,,Monday morning,Y,N,N,N,N,N,N,10:00:00,12:00:00,Monday only,Yes,No,No,No,No,No,Open access,53.4111,-2.8089,Yes,2024-12-01,Verified,
St Luke's Church,Liverpool,Walton,"Goodison Road, Liverpool, L4 6SN",L4 6SN,Thursday: 10:00-12:00,0151 284 0005,,,Parish families,Free,Food parcels,,Thursday morning,N,N,N,Y,N,N,N,10:00:00,12:00:00,Thursday only,Yes,No,No,No,No,No,Faith-based,53.4467,-2.9556,Yes,2024-12-01,Verified,
St Margaret's Church,Liverpool,Anfield,"Anfield Road, Liverpool, L4 0TF",L4 0TF,Friday: 10:00-12:00,0151 263 7652,,,Drop-in,Free,Food distribution,,Friday morning,N,N,N,N,Y,N,N,10:00:00,12:00:00,Friday only,Yes,No,No,No,No,No,Open access,53.4344,-2.9611,Yes,2024-12-01,Verified,
St Mary's Church Grassendale,Liverpool,Grassendale,"Grassendale Road, Liverpool, L19 0NE",L19 0NE,Wednesday: 10:00-12:00,0151 427 2749,,,Parish families,Free,Food parcels,,Wednesday morning,N,N,Y,N,N,N,N,10:00:00,12:00:00,Wednesday only,Yes,No,No,No,No,No,Faith-based,53.3667,-2.9089,Yes,2024-12-01,Verified,
St Mary's Church Woolton,Liverpool,Woolton,"Church Road, Liverpool, L25 5JF",L25 5JF,Tuesday: 10:00-12:00,0151 428 1853,,,Open to all,Free,Food distribution,,Tuesday morning,N,Y,N,N,N,N,N,10:00:00,12:00:00,Tuesday only,Yes,No,No,No,No,No,Open access,53.3756,-2.8689,Yes,2024-12-01,Verified,
St Matthew's Church,Liverpool,Clubmoor,"Queens Drive, Liverpool, L13 0AJ",L13 0AJ,Monday: 10:00-12:00,0151 226 1354,,,Parish families,Free,Food parcels,,Monday morning,Y,N,N,N,N,N,N,10:00:00,12:00:00,Monday only,Yes,No,No,No,No,No,Faith-based,53.4411,-2.9089,Yes,2024-12-01,Verified,
St Michael's Church Aughton,Liverpool,Aughton,"Aughton, L39 6SA",L39 6SA,Thursday: 10:00-12:00,01695 422661,,,Local residents,Free,Food distribution,,Thursday morning,N,N,N,Y,N,N,N,10:00:00,12:00:00,Thursday only,Yes,No,No,No,No,No,Geographic restriction,53.5456,-2.9244,Yes,2024-12-01,Verified,
St Michael's Church Belle Vale,Liverpool,Belle Vale,"Naylors Road, Liverpool, L25 0NR",L25 0NR,Friday: 10:00-12:00,0151 487 0427,,,Drop-in,Free,Food parcels,,Friday morning,N,N,N,N,Y,N,N,10:00:00,12:00:00,Friday only,Yes,No,No,No,No,No,Open access,53.3789,-2.8567,Yes,2024-12-01,Verified,
St Monica's Church,Liverpool,Fazakerley,"Aintree Lane, Liverpool, L10 8LD",L10 8LD,Wednesday: 10:00-12:00,0151 525 2280,,,Parish families,Free,Food parcels,,Wednesday morning,N,N,Y,N,N,N,N,10:00:00,12:00:00,Wednesday only,Yes,No,No,No,No,No,Faith-based,53.4711,-2.9411,Yes,2024-12-01,Verified,
St Nathaniel's Church,Liverpool,Windsor,"Windsor Street, Liverpool, L8 8EL",L8 8EL,Tuesday: 10:00-12:00,0151 733 1831,,,Open to all,Free,Food distribution,,Tuesday morning,N,Y,N,N,N,N,N,10:00:00,12:00:00,Tuesday only,Yes,No,No,No,No,No,Open access,53.3822,-2.9644,Yes,2024-12-01,Verified,
St Nicholas Church Halewood,Liverpool,Halewood,"Church Road, Liverpool, L26 6LB",L26 6LB,Monday: 10:00-12:00,0151 487 9965,,,Parish families,Free,Food parcels,,Monday morning,Y,N,N,N,N,N,N,10:00:00,12:00:00,Monday only,Yes,No,No,No,No,No,Faith-based,53.3589,-2.8311,Yes,2024-12-01,Verified,
St Oswald's Church Old Swan,Liverpool,Old Swan,"St Oswald Street, Liverpool, L13 5SB",L13 5SB,Thursday: 10:00-12:00,0151 228 2182,,,Drop-in,Free,Food distribution,,Thursday morning,N,N,N,Y,N,N,N,10:00:00,12:00:00,Thursday only,Yes,No,No,No,No,No,Open access,53.4089,-2.9144,Yes,2024-12-01,Verified,
St Patrick's Church,Liverpool,Toxteth,"Park Place, Liverpool, L8 5RA",L8 5RA,Friday: 10:00-12:00,0151 709 1547,,,Parish families,Free,Food parcels,,Friday morning,N,N,N,N,Y,N,N,10:00:00,12:00:00,Friday only,Yes,No,No,No,No,No,Faith-based,53.3833,-2.9678,Yes,2024-12-01,Verified,
St Paul's Church West Derby,Liverpool,West Derby,"Town Row, Liverpool, L12 5HJ",L12 5HJ,Wednesday: 10:00-12:00,0151 254 0605,,,Open to all,Free,Food distribution,,Wednesday morning,N,N,Y,N,N,N,N,10:00:00,12:00:00,Wednesday only,Yes,No,No,No,No,No,Open access,53.4267,-2.9033,Yes,2024-12-01,Verified,
St Peter's Church Woolton,Liverpool,Woolton,"Church Road, Liverpool, L25 5JF",L25 5JF,Tuesday: 10:00-12:00,0151 428 1913,,,Parish families,Free,Food parcels,,Tuesday morning,N,Y,N,N,N,N,N,10:00:00,12:00:00,Tuesday only,Yes,No,No,No,No,No,Faith-based,53.3756,-2.8689,Yes,2024-12-01,Verified,
St Polycarp's Church,Liverpool,Norris Green,"Carr Lane East, Liverpool, L11 2XY",L11 2XY,Monday: 10:00-12:00,0151 546 1571,,,Drop-in,Free,Food distribution,,Monday morning,Y,N,N,N,N,N,N,10:00:00,12:00:00,Monday only,Yes,No,No,No,No,No,Open access,53.4556,-2.9156,Yes,2024-12-01,Verified,
St Saviour's Church,Liverpool,Everton,"Breckfield Road, Liverpool, L6 5DR",L6 5DR,Thursday: 10:00-12:00,0151 263 8318,,,Parish families,Free,Food parcels,,Thursday morning,N,N,N,Y,N,N,N,10:00:00,12:00:00,Thursday only,Yes,No,No,No,No,No,Faith-based,53.4289,-2.9611,Yes,2024-12-01,Verified,
St Sebastian's Church,Liverpool,Fairfield,"Holly Road, Liverpool, L7 0ET",L7 0ET,Friday: 10:00-12:00,0151 260 6314,,,Open to all,Free,Food distribution,,Friday morning,N,N,N,N,Y,N,N,10:00:00,12:00:00,Friday only,Yes,No,No,No,No,No,Open access,53.4067,-2.9356,Yes,2024-12-01,Verified,
St Silas Church,Liverpool,Toxteth,"High Park Street, Liverpool, L8 2XE",L8 2XE,Wednesday: 10:00-12:00,0151 733 1109,,,Drop-in,Free,Food parcels,,Wednesday morning,N,N,Y,N,N,N,N,10:00:00,12:00:00,Wednesday only,Yes,No,No,No,No,No,Open access,53.3856,-2.9622,Yes,2024-12-01,Verified,
St Simon's Church,Liverpool,Garston,"Church Road, Liverpool, L19 0NY",L19 0NY,Tuesday: 10:00-12:00,0151 427 1698,,,Parish families,Free,Food parcels,,Tuesday morning,N,Y,N,N,N,N,N,10:00:00,12:00:00,Tuesday only,Yes,No,No,No,No,No,Faith-based,53.3544,-2.8989,Yes,2024-12-01,Verified,
St Stephen's Church,Liverpool,Gateacre,"Belle Vale Road, Liverpool, L25 2PQ",L25 2PQ,Monday: 10:00-12:00,0151 487 8654,,,Open to all,Free,Food distribution,,Monday morning,Y,N,N,N,N,N,N,10:00:00,12:00:00,Monday only,Yes,No,No,No,No,No,Open access,53.3778,-2.8711,Yes,2024-12-01,Verified,
St Teresa's Church,Liverpool,Norris Green,"Utting Avenue, Liverpool, L11 1DD",L11 1DD,Thursday: 10:00-12:00,0151 226 1237,,,Parish families,Free,Food parcels,,Thursday morning,N,N,N,Y,N,N,N,10:00:00,12:00:00,Thursday only,Yes,No,No,No,No,No,Faith-based,53.4511,-2.9211,Yes,2024-12-01,Verified,
St Timothy's Church,Liverpool,West Derby,"Liverpool Road, Liverpool, L12 8RQ",L12 8RQ,Friday: 10:00-12:00,0151 228 2226,,,Drop-in,Free,Food distribution,,Friday morning,N,N,N,N,Y,N,N,10:00:00,12:00:00,Friday only,Yes,No,No,No,No,No,Open access,53.4356,-2.8944,Yes,2024-12-01,Verified,
Stanley Park Community Centre,Liverpool,Anfield,"Priory Road, Liverpool, L4 2SL",L4 2SL,Wednesday: 10:00-12:00,0151 263 0363,,,Local residents,£2.50 per shop,Community shop,,Wednesday shop,N,N,Y,N,N,N,N,10:00:00,12:00:00,Wednesday only,Yes,No,No,No,No,No,Geographic restriction,53.4356,-2.9567,Yes,2024-12-01,Verified,
Stockbridge Village Centre,Liverpool,Stockbridge Village,"The Withens, Liverpool, L28 1AB",L28 1AB,Tuesday: 10:00-12:00,0151 480 4090,,,Estate residents,Free,Food distribution,,Tuesday morning,N,Y,N,N,N,N,N,10:00:00,12:00:00,Tuesday only,Yes,No,No,No,No,No,Geographic restriction,53.4333,-2.8567,Yes,2024-12-01,Verified,
Stoneycroft Community Centre,Liverpool,Old Swan,"Queens Drive, Liverpool, L13 4BB",L13 4BB,Monday: 10:00-12:00,0151 228 0725,,,Open to all,Free,Food distribution,,Monday morning,Y,N,N,N,N,N,N,10:00:00,12:00:00,Monday only,Yes,No,No,No,No,No,Open access,53.4144,-2.9089,Yes,2024-12-01,Verified,
The Black-E,Liverpool,Chinatown,"Great George Street, Liverpool, L1 5EW",L1 5EW,Thursday: 12:00-14:00,0151 709 5109,info@theblack-e.co.uk,,Young people,Free,Youth meals,,Youth arts centre,N,N,N,Y,N,N,N,12:00:00,14:00:00,Thursday lunch,No,Yes,No,No,No,No,Age restricted,53.3989,-2.9778,Yes,2024-12-01,Verified,
The Blue Room,Liverpool,Old Swan,"Broadgreen Road, Liverpool, L13 5SG",L13 5SG,Friday: 10:00-12:00,0151 228 7852,,,Mental health clients,Free with referral,Support services,,Mental health focus,N,N,N,N,Y,N,N,10:00:00,12:00:00,Friday only,Yes,No,No,No,Yes,No,Referral only,53.4078,-2.8967,Yes,2024-12-01,Verified,
The Brink,Liverpool,Parr Street,"21 Parr Street, Liverpool, L1 4JN",L1 4JN,Tuesday: 10:00-12:00,0151 703 0679,info@thebrinkliverpool.com,,Recovery community,Free,Peer support meals,,Dry bar,N,Y,N,N,N,N,N,10:00:00,12:00:00,Tuesday only,No,Yes,No,No,Yes,No,Open access,53.4011,-2.9789,Yes,2024-12-01,Verified,
The Casa,Liverpool,Hope Street,"29 Hope Street, Liverpool, L1 9BQ",L1 9BQ,Monday: 18:00-20:00,0151 305 3110,,,Students/young adults,Free,Evening meals,,Youth centre,Y,N,N,N,N,N,N,18:00:00,20:00:00,Monday evening,No,Yes,No,No,No,No,Age restricted,53.4033,-2.9711,Yes,2024-12-01,Verified,
The Enterprise Centre,Liverpool,Kirkdale,"Fernbank Drive, Liverpool, L11 0AB",L11 0AB,Wednesday: 10:00-12:00,0151 233 3081,,,Local businesses,Free with referral,Business support,,Enterprise hub,N,N,Y,N,N,N,N,10:00:00,12:00:00,Wednesday only,Yes,No,No,No,Yes,No,Business focus,53.4422,-2.9567,Yes,2024-12-01,Verified,
The Friary,Liverpool,Everton,"Bute Street, Liverpool, L5 3LA",L5 3LA,Thursday: 10:00-12:00,0151 207 1862,,,Men only,Free,Men's support,,Male focused,N,N,N,Y,N,N,N,10:00:00,12:00:00,Thursday only,Yes,No,No,Yes,No,No,Gender specific,53.4222,-2.9689,Yes,2024-12-01,Verified,
The Gordon Smith Centre,Liverpool,Speke,"Conleach Road, Liverpool, L24 0TL",L24 0TL,Friday: 10:00-12:00,0151 486 1638,,,Disabled adults,Free with referral,Day services,,Disability focus,N,N,N,N,Y,N,N,10:00:00,12:00:00,Friday only,Yes,No,No,No,Yes,No,Referral only,53.3367,-2.8511,Yes,2024-12-01,Verified,
The Greenhouse Project,Liverpool,Toxteth,"Lodge Lane, Liverpool, L8 0TP",L8 0TP,Wednesday: 10:00-12:00,07956 834413,,,Environmental focus,Free,Community growing,,Green project,N,N,Y,N,N,N,N,10:00:00,12:00:00,Wednesday only,Yes,No,No,No,No,No,Open access,53.3833,-2.9589,Yes,2024-12-01,Verified,
The Hub Café,Liverpool,Picton,"Renshaw Street, Liverpool, L1 2SA",L1 2SA,Tuesday: 10:00-14:00,0151 707 8187,,,Creative community,Pay-as-you-feel,Social café,,Arts venue,N,Y,N,N,N,N,N,10:00:00,14:00:00,Tuesday only,No,Yes,No,No,No,No,Open access,53.4033,-2.9711,Yes,2024-12-01,Verified,
The Kuumba Centre,Liverpool,Toxteth,"4 Princes Road, Liverpool, L8 1TH",L8 1TH,Thursday: 10:00-12:00,0151 707 8400,info@kuumba.org.uk,,African Caribbean,Free,Cultural food support,,Cultural centre,N,N,N,Y,N,N,N,10:00:00,12:00:00,Thursday only,Yes,No,No,No,No,No,Community specific,53.3856,-2.9744,Yes,2024-12-01,Verified,
The Life Rooms,Liverpool,Walton,"Walton Hospital, Rice Lane, L9 1AE",L9 1AE,Monday: 10:00-16:00,0151 478 6556,info@theliferooms.org,,Mental health,Free with referral,Wellbeing support,,NHS partnership,Y,N,N,N,N,N,N,10:00:00,16:00:00,Monday only,Yes,No,No,No,Yes,No,Referral only,53.4567,-2.9522,Yes,2024-12-01,Verified,
The Living Room,Liverpool,Old Swan,"Prescot Road, Liverpool, L13 3DA",L13 3DA,Friday: 10:00-12:00,0151 228 0353,,,Recovery focus,Free,Peer support,,Addiction support,N,N,N,N,Y,N,N,10:00:00,12:00:00,Friday only,Yes,No,No,No,Yes,No,Open access,53.4111,-2.9144,Yes,2024-12-01,Verified,
The Neighbourhood Centre,Liverpool,West Derby,"Dyson Street, Liverpool, L12 5HN",L12 5HN,Wednesday: 10:00-12:00,0151 254 2562,,,Local residents,£3 per shop,Community pantry,,Your Local Pantry,N,N,Y,N,N,N,N,10:00:00,12:00:00,Wednesday only,Yes,No,No,No,No,No,Geographic restriction,53.4289,-2.9011,Yes,2024-12-01,Verified,
The Palm House,Liverpool,Sefton Park,"Sefton Park, Liverpool, L17 1AP",L17 1AP,Tuesday: 10:00-12:00,0151 726 2415,,,Park visitors,Donation based,Community café,,Heritage venue,N,Y,N,N,N,N,N,10:00:00,12:00:00,Tuesday only,No,Yes,No,No,No,No,Open access,53.3844,-2.9344,Yes,2024-12-01,Verified,
The Reader Organisation,Liverpool,Calderstones,"Calderstones Park, Liverpool, L18 3JB",L18 3JB,Monday: 10:00-12:00,0151 729 2200,info@thereader.org.uk,,Reading groups,Free,Shared reading,,Literary charity,Y,N,N,N,N,N,N,10:00:00,12:00:00,Monday only,No,Yes,No,No,No,No,Open access,53.3811,-2.8944,Yes,2024-12-01,Verified,
The Unity Theatre,Liverpool,Hope Place,"1 Hope Place, Liverpool, L1 9BG",L1 9BG,Thursday: 12:00-14:00,0151 709 4988,info@unitytheatreliverpool.co.uk,,Theatre community,Pay-as-you-feel,Community lunch,,Arts venue,N,N,N,Y,N,N,N,12:00:00,14:00:00,Thursday lunch,No,Yes,No,No,No,No,Open access,53.4011,-2.9733,Yes,2024-12-01,Verified,
The Women's Organisation,Liverpool,City Centre,"St George's Centre, Liverpool, L1 1JF",L1 1JF,Friday: 10:00-12:00,0151 706 8111,info@thewo.org.uk,,Women only,Free with referral,Women's support,,Female focused,N,N,N,N,Y,N,N,10:00:00,12:00:00,Friday only,Yes,No,No,No,Yes,No,Gender specific,53.4044,-2.9889,Yes,2024-12-01,Verified,
Tiber Community Centre,Liverpool,Toxteth,"Grafton Street, Liverpool, L8 8BN",L8 8BN,Wednesday: 10:00-12:00,0151 708 9688,,,Local residents,Free,Food distribution,,Community hub,N,N,Y,N,N,N,N,10:00:00,12:00:00,Wednesday only,Yes,No,No,No,No,No,Geographic restriction,53.3811,-2.9644,Yes,2024-12-01,Verified,
Together Liverpool,Liverpool,Various,Multiple locations,,Contact for schedule,0151 237 3987,info@togetherliverpool.org.uk,,Adults with disabilities,Free with referral,Day services,,Disability charity,Y,Y,Y,Y,Y,N,N,,,Various times,Yes,No,No,No,Yes,No,Referral only,53.4084,-2.9916,Yes,2024-12-01,Verified,
Toxteth Library,Liverpool,Toxteth,"Windsor Street, Liverpool, L8 1XF",L8 1XF,Tuesday: 14:00-16:00,0151 233 3069,,,Library users,Free,Community space,,Library service,N,Y,N,N,N,N,N,14:00:00,16:00:00,Tuesday PM,No,Yes,No,No,No,No,Open access,53.3833,-2.9633,Yes,2024-12-01,Verified,
Training 2000,Liverpool,Kirkby,"Atlantic Way, Kirkby, L33 7UN",L33 7UN,Monday: 10:00-12:00,0151 549 1400,info@training2000.co.uk,,Young adults 16-24,Free,Training support,,Skills development,Y,N,N,N,N,N,N,10:00:00,12:00:00,Monday only,Yes,No,No,No,Yes,No,Age restricted,53.4867,-2.9022,Yes,2024-12-01,Verified,
Unity in the Community,Liverpool,Toxteth,"Princes Avenue, Liverpool, L8 2TZ",L8 2TZ,Thursday: 10:00-12:00,0151 708 0415,,,BAME community,Free,Culturally appropriate,,Diversity focus,N,N,N,Y,N,N,N,10:00:00,12:00:00,Thursday only,Yes,No,No,No,No,No,Community specific,53.3922,-2.9722,Yes,2024-12-01,Verified,
Vauxhall Community Centre,Liverpool,Vauxhall,"Silvester Street, Liverpool, L5 8RQ",L5 8RQ,Friday: 10:00-12:00,0151 298 2270,,,Local residents,£2 per shop,Community shop,,Friday shop,N,N,N,N,Y,N,N,10:00:00,12:00:00,Friday only,Yes,No,No,No,No,No,Geographic restriction,53.4167,-2.9833,Yes,2024-12-01,Verified,
Walton Youth Centre,Liverpool,Walton,"Rawcliffe Road, Liverpool, L9 1AG",L9 1AG,Wednesday: 16:00-18:00,0151 233 3200,,,Young people 11-19,Free,Youth provision,,Youth service,N,N,Y,N,N,N,N,16:00:00,18:00:00,Wednesday PM,Yes,No,No,No,No,No,Age restricted,53.4544,-2.9544,Yes,2024-12-01,Verified,
Wavertree Community Centre,Liverpool,Wavertree,"Wavertree High Street, Liverpool, L15 8HJ",L15 8HJ,Tuesday: 10:00-12:00,0151 734 1056,,,Open to all,Free,Food distribution,,Tuesday morning,N,Y,N,N,N,N,N,10:00:00,12:00:00,Tuesday only,Yes,No,No,No,No,No,Open access,53.3944,-2.9022,Yes,2024-12-01,Verified,
Wellington Road Community Centre,Liverpool,Wavertree,"Wellington Road, Liverpool, L15 4LJ",L15 4LJ,Monday: 10:00-12:00,0151 733 6226,,,Local residents,£3 per shop,Community pantry,,Your Local Pantry,Y,N,N,N,N,N,N,10:00:00,12:00:00,Monday only,Yes,No,No,No,No,No,Geographic restriction,53.3967,-2.9044,Yes,2024-12-01,Verified,
West Derby Village Hall,Liverpool,West Derby,"Almonds Green, Liverpool, L12 5HP",L12 5HP,Thursday: 10:00-12:00,0151 259 0028,,,Village residents,£2.50 per shop,Community shop,,Thursday shop,N,N,N,Y,N,N,N,10:00:00,12:00:00,Thursday only,Yes,No,No,No,No,No,Geographic restriction,53.4278,-2.9056,Yes,2024-12-01,Verified,
Williamson Tunnels Heritage Centre,Liverpool,Edge Hill,"The Old Stableyard, Liverpool, L7 8LW",L7 8LW,Friday: 10:00-12:00,0151 709 6868,info@williamsontunnels.co.uk,,Heritage visitors,Donation based,Community café,,Heritage site,N,N,N,N,Y,N,N,10:00:00,12:00:00,Friday only,No,Yes,No,No,No,No,Open access,53.4033,-2.9511,Yes,2024-12-01,Verified,
Woolton Village Community Centre,Liverpool,Woolton,"Allerton Road, Liverpool, L25 7RG",L25 7RG,Wednesday: 10:00-12:00,0151 428 8940,,,Village residents,£3 per shop,Community pantry,,Your Local Pantry,N,N,Y,N,N,N,N,10:00:00,12:00:00,Wednesday only,Yes,No,No,No,No,No,Geographic restriction,53.3722,-2.8644,Yes,2024-12-01,Verified,
YPAS Liverpool,Liverpool,City Centre,"36 Bolton Street, Liverpool, L3 5LX",L3 5LX,Monday: 10:00-16:00,0151 707 1025,support@ypas.org.uk,,Young people 10-25,Free with referral,Youth mental health,,Youth support,Y,N,N,N,N,N,N,10:00:00,16:00:00,Monday only,Yes,No,No,No,Yes,No,Age restricted,53.4089,-2.9844,Yes,2024-12-01,Verified,
